OrganizationIdentifier,NetworkCode,NetworkName,OrganizationFormalName,MonitoringLocationIdentifier,Park,MonitoringLocationName,MonitoringLocationTypeName,MonitoringLocationDescriptionText,HUCEightDigitCode,DrainageAreaMeasure/MeasureValue,DrainageAreaMeasure/MeasureUnitCode,ContributingDrainageAreaMeasure/MeasureValue,ContributingDrainageAreaMeasure/MeasureUnitCode,LatitudeMeasure,LongitudeMeasure,SourceMapScaleNumeric,HorizontalAccuracyMeasure/MeasureValue,HorizontalAccuracyMeasure/MeasureUnitCode,HorizontalCollectionMethodName,HorizontalCoordinateReferenceSystemDatumName,VerticalMeasure/MeasureValue,VerticalMeasure/MeasureUnitCode,VerticalAccuracyMeasure/MeasureValue,VerticalAccuracyMeasure/MeasureUnitCode,VerticalCollectionMethodName,VerticalCoordinateReferenceSystemDatumName,CountryCode,StateCode,CountyCode,AquiferName,LocalAqfrName,FormationTypeText,AquiferTypeName,ConstructionDateText,WellDepthMeasure/MeasureValue,WellDepthMeasure/MeasureUnitCode,WellHoleDepthMeasure/MeasureValue,WellHoleDepthMeasure/MeasureUnitCode,ProviderName
UTAHDWQ_WQX,NCPN,Northern Colorado Plateau Network,Utah Department Of Environmental Quality,UTAHDWQ_WQX-5995220,ARCH,SALT WASH AT WOLFE RANCH RD XING SW-3,River/Stream,,14030005,,,,,38.73526,-109.51956,,,,GPS-Unspecified,NAD83,,,,,,,US,49,19,,,,,,,,,,STORET
UTAHDWQ_WQX,NCPN,Northern Colorado Plateau Network,Utah Department Of Environmental Quality,UTAHDWQ_WQX-5995240,ARCH,COURTHOUSE WASH .5MI AB COLORADO R AT USGS  CW-1,River/Stream,,14030005,,,,,38.61304,-109.57984,,,,GPS-Unspecified,NAD83,,,,,,,US,49,19,,,,,,,,,,STORET
UTAHDWQ_WQX,NCPN,Northern Colorado Plateau Network,Utah Department Of Environmental Quality,UTAHDWQ_WQX-5995246,ARCH,Courthouse Wash at spring approx 75 meters inside Arches NP west bndy,Spring,,14030005,,,,,38.68694,-109.6528,,,,GPS-Unspecified,NAD83,,,,,,,US,49,19,,,,,,,,,,STORET
UTAHDWQ_WQX,NCPN,Northern Colorado Plateau Network,Utah Department Of Environmental Quality,UTAHDWQ_WQX-4951855,BRCA,Sheep Ck bl Spring in Bryce Cyn NP,River/Stream,,14070007,,,,,37.57137,-112.20103,,,,GPS-Unspecified,NAD83,,,,,,,US,49,17,,,,,,,,,,STORET
UTAHDWQ_WQX,NCPN,Northern Colorado Plateau Network,Utah Department Of Environmental Quality,UTAHDWQ_WQX-4951857,BRCA,Yellow Ck bl Spring in Bryce Cyn NP,River/Stream,,14070007,,,,,37.57442,-112.14103,,,,GPS-Unspecified,NAD83,,,,,,,US,49,17,,,,,,,,,,STORET
UTAHDWQ_WQX,NCPN,Northern Colorado Plateau Network,Utah Department Of Environmental Quality,UTAHDWQ_WQX-4951915,BRCA,MOSSY CAVE SPRING NW OF TROPIC,Spring,,14070007,,,,,37.66456,-112.11561,,,,GPS-Unspecified,NAD83,,,,,,,US,49,17,,,,,,,,,,STORET
UTAHDWQ_WQX,NCPN,Northern Colorado Plateau Network,Utah Department Of Environmental Quality,UTAHDWQ_WQX-4930010,CANY,GREEN R AB CNFL / COLORADO R,River/Stream,,14060008,,,,,38.19026,-109.88984,,,,GPS-Unspecified,NAD83,,,,,,,US,49,37,,,,,,,,,,STORET
UTAHDWQ_WQX,NCPN,Northern Colorado Plateau Network,Utah Department Of Environmental Quality,UTAHDWQ_WQX-4930150,CANY,GREEN R AT MINERAL BOTTOMS,River/Stream,,14060008,,,,,38.52664,-109.99346,,,,GPS-Unspecified,NAD83,,,,,,,US,49,19,,,,,,,,,,STORET
UTAHDWQ_WQX,NCPN,Northern Colorado Plateau Network,Utah Department Of Environmental Quality,UTAHDWQ_WQX-4952380,CANY,COLORADO R. BL BIG DROP #3 RAPIDS,River/Stream,,14070001,,,,,38.07082,-110.04707,,,,GPS-Unspecified,NAD83,,,,,,,US,49,17,,,,,,,,,,STORET
UTAHDWQ_WQX,NCPN,Northern Colorado Plateau Network,Utah Department Of Environmental Quality,UTAHDWQ_WQX-4952400,CANY,COLORADO R AB CNFL / GREEN R,River/Stream,,14030005,,,,,38.19249,-109.88457,,,,GPS-Unspecified,NAD83,,,,,,,US,49,37,,,,,,,,,,STORET
UTAHDWQ_WQX,NCPN,Northern Colorado Plateau Network,Utah Department Of Environmental Quality,UTAHDWQ_WQX-4956290,CANY,COLORADO RIVER AT POTASH BOAT RAMP,River/Stream,,14030005,,,,,38.46693,-109.66622,,,,GPS-Unspecified,NAD83,,,,,,,US,49,37,,,,,,,,,,STORET
UTAHDWQ_WQX,NCPN,Northern Colorado Plateau Network,Utah Department Of Environmental Quality,UTAHDWQ_WQX-4954770,CARE,SULPHUR CREEK AB CONFL W/ FREMONT RIVER IN PICNIC AREA,River/Stream,,14070003,,,,,38.2872,-111.24767,,,,GPS-Unspecified,NAD83,,,,,,,US,49,55,,,,,,,,,,STORET
UTAHDWQ_WQX,NCPN,Northern Colorado Plateau Network,Utah Department Of Environmental Quality,UTAHDWQ_WQX-4954775,CARE,SULPHUR CK BL ROAD TO GOOSENECKS OVERLOOK IN CRNP,River/Stream,,14070003,,,,,38.29776,-111.29851,,,,GPS-Unspecified,NAD83,,,,,,,US,49,55,,,,,,,,,,STORET
UTAHDWQ_WQX,NCPN,Northern Colorado Plateau Network,Utah Department Of Environmental Quality,UTAHDWQ_WQX-4954780,CARE,Pleasant Ck at Pleasant Ck Road xing at South Draw,River/Stream,,14070003,,,,,38.1801,-111.18087,,,,GPS-Unspecified,NAD83,,,,,,,US,49,55,,,,,,,,,,STORET
UTAHDWQ_WQX,NCPN,Northern Colorado Plateau Network,Utah Department Of Environmental Quality,UTAHDWQ_WQX-4954795,CARE,Oak Creek above Oak Creek Dam,River/Stream,,14070003,,,,,38.0844,-111.14042,,,,GPS-Unspecified,NAD83,,,,,,,US,49,17,,,,,,,,,,STORET
UTAHDWQ_WQX,NCPN,Northern Colorado Plateau Network,Utah Department Of Environmental Quality,UTAHDWQ_WQX-4954812,CARE,Halls Ck Bl Narrows,River/Stream,,14070001,,,,,37.61499,-110.89237,,,,GPS-Unspecified,NAD83,,,,,,,US,49,17,,,,,,,,,,STORET
UTAHDWQ_WQX,NCPN,Northern Colorado Plateau Network,Utah Department Of Environmental Quality,UTAHDWQ_WQX-5995700,HOVE,SQUARE TOWER SPRING,Spring,,14080202,,,,,37.38555,-109.08122,,,,GPS-Unspecified,NAD83,,,,,,,US,49,37,,,,,,,,,,STORET
UTAHDWQ_WQX,NCPN,Northern Colorado Plateau Network,Utah Department Of Environmental Quality,UTAHDWQ_WQX-4994970,TICA,HANSEN CAVE SPRING IN TIMPANOGOS CAVE NM,Spring,,16020201,,,,,40.43759,-111.71153,,,,GPS-Unspecified,NAD83,,,,,,,US,49,49,,,,,,,,,,STORET
UTAHDWQ_WQX,NCPN,Northern Colorado Plateau Network,Utah Department Of Environmental Quality,UTAHDWQ_WQX-4950800,ZION,La Verkin Ck at Lee Pass Trail,River/Stream,,15010008,,,,,37.4072,-113.17578,,,,GPS-Unspecified,NAD83,,,,,,,US,49,53,,,,,,,,,,STORET
UTAHDWQ_WQX,NCPN,Northern Colorado Plateau Network,Utah Department Of Environmental Quality,UTAHDWQ_WQX-4950920,ZION,North Ck at Planned Gage in Park,River/Stream,,15010008,,,,,37.26169,-113.10719,,,,GPS-Unspecified,NAD83,,,,,,,US,49,53,,,,,,,,,,STORET
UTAHDWQ_WQX,NCPN,Northern Colorado Plateau Network,Utah Department Of Environmental Quality,UTAHDWQ_WQX-4951265,ZION,N FK VIRGIN R AT WSA BNDRY,River/Stream,,15010008,,,,,37.37098,-112.88277,,,,GPS-Unspecified,NAD83,,,,,,,US,49,25,,,,,,,,,,STORET
USGS-CO,NCPN,Northern Colorado Plateau Network,USGS Colorado Water Science Center,USGS-09260050,DINO,"YAMPA RIVER AT DEERLODGE PARK, CO",Stream,,14050002,7931,sq mi,,,40.45163387,-108.525101,24000,5,seconds,Interpolated from MAP.,NAD83,5600,feet,15,feet,Interpolated from topographic map.,NGVD29,US,8,81,,,,,,,,,,NWIS
USGS-CO,NCPN,Northern Colorado Plateau Network,USGS Colorado Water Science Center,USGS-404417108524900,DINO,"GREEN RIVER ABOVE GATES OF LODORE, CO",Stream,,14040106,1280,sq mi,,,40.73805556,-108.8802778,24000,1,seconds,Interpolated from MAP.,NAD83,5360,feet,10,feet,Interpolated from topographic map.,NAVD88,US,8,81,,,,,,,,,,NWIS
11NPSWRD_WQX,APHN,Appalachian Highlands Network,National Park Service Water Resources Division,11NPSWRD_WQX-BISO_02,BISO,"New River at New River, TN",River/Stream,"Represents major water quality contribution concerns in BISO from surface mining, oil and gas exploration and forestry operations. Event sampling from bridge.",5130104,,,,,36.38262,-84.55239,,,,GPS Code (Pseudo Range) Standard Position (SA Off),NAD83,,,,,,,US,47,151,,,,,,,,,,STORET
11NPSWRD_WQX,APHN,Appalachian Highlands Network,National Park Service Water Resources Division,11NPSWRD_WQX-BISO_03,BISO,Clear Fork at Peters Bridge,River/Stream,Upstream reach of cleanest major tributary at BISO upstream boundary. Event sampling from bridge.,5130104,,,,,36.32499,-84.78655,,,,GPS Code (Pseudo Range) Standard Position (SA Off),NAD83,,,,,,,US,47,129,,,,,,,,,,STORET
11NPSWRD_WQX,APHN,Appalachian Highlands Network,National Park Service Water Resources Division,11NPSWRD_WQX-BISO_04,BISO,"Clear Fork at Burnt Mill Bridge near Robbins, TN",River/Stream,"Eight mussel species (one federally listed). Removed from TN 303d list in 1998, was listed for siltation due to silviculture. Event sampling from bridge.",5130104,,,,,36.388288,-84.630188,,,,GPS Code (Pseudo Range) Standard Position (SA Off),NAD83,,,,,,,US,47,151,,,,,,,,,,STORET
11NPSWRD_WQX,APHN,Appalachian Highlands Network,National Park Service Water Resources Division,11NPSWRD_WQX-BISO_05,BISO,"White Oak Creek at Rugby, TN",River/Stream,Removed from TN303d list in 1998 (siltation) . First STP constructed five years ago. Six mussel species (one endangered). Oil and gas development in tributaries and mainstem. Event sampling from bridge.,5130104,,,,,36.35324,-84.6908,,,,GPS Code (Pseudo Range) Standard Position (SA Off),NAD83,,,,,,,US,47,129,,,,,,,,,,STORET
11NPSWRD_WQX,APHN,Appalachian Highlands Network,National Park Service Water Resources Division,11NPSWRD_WQX-BISO_06,BISO,Pine Creek at Toomey,River/Stream,Eastern tributary draining Oneida. Eight sections of Pine Creek are on the TN 303d list. Industrial and domestic wastewater discharges.,5130104,,,,,36.46596,-84.59602,,,,GPS Code (Pseudo Range) Standard Position (SA Off),NAD83,,,,,,,US,47,151,,,,,,,,,,STORET
11NPSWRD_WQX,APHN,Appalachian Highlands Network,National Park Service Water Resources Division,11NPSWRD_WQX-BISO_07,BISO,North White Oak Creek near Mouth,River/Stream,Development; municipal water supply impoundment; Oil and gas; Two mussel species (one federally listed). Removed from TN303d list in 1998 (acid mine effluent). Bacterial contamination indicated by initial sampling.,5130104,,,,,36.45533,-84.67209,,,,GPS Code (Pseudo Range) Standard Position (SA Off),NAD83,,,,,,,US,47,151,,,,,,,,,,STORET
11NPSWRD_WQX,APHN,Appalachian Highlands Network,National Park Service Water Resources Division,11NPSWRD_WQX-BISO_08,BISO,Bandy Creek at TN Route 297,River/Stream,NPS waste water treatment plant for Bandy Creek campground.,5130104,,,,,36.47495,-84.68993,,,,GPS Code (Pseudo Range) Standard Position (SA Off),NAD83,,,,,,,US,47,151,,,,,,,,,,STORET
11NPSWRD_WQX,APHN,Appalachian Highlands Network,National Park Service Water Resources Division,11NPSWRD_WQX-BISO_09,BISO,Big South Fork at Leatherwood Ford,River/Stream,Main stem integrator site for upper portion of the drainage basin. Historic water quality data available. Event sampling from bridge.,5130104,,,,,36.47648,-84.669,,,,GPS Code (Pseudo Range) Standard Position (SA Off),NAD83,,,,,,,US,47,151,,,,,,,,,,STORET
11NPSWRD_WQX,APHN,Appalachian Highlands Network,National Park Service Water Resources Division,11NPSWRD_WQX-BISO_10,BISO,Laurel Fork of Station Camp Creek at Hiking Trail Crossing,River/Stream,TDEC ecoregion reference site for Cumberland Plateau; severe bacterial contamination identified by initial sampling efforts.,5130104,,,,,36.51637,-84.71593,,,,GPS Code (Pseudo Range) Standard Position (SA Off),NAD83,,,,,,,US,47,151,,,,,,,,,,STORET
11NPSWRD_WQX,APHN,Appalachian Highlands Network,National Park Service Water Resources Division,11NPSWRD_WQX-BISO_11,BISO,Williams Creek near Mouth,River/Stream,Located at the mouth of Williams Creek before it enters into the Big South Fork of the Cumberland River. Station is at original location of WL-1 from Rickard et al. 1986. Sampling may have occurred upstream of site at Williams Creek Rd sometimes around 2016-2019.,5130104,,,,,36.57814,-84.60772,,,,Interpolation-Digital Map Source,NAD83,,,,,,,US,47,151,,,,,,,,,,STORET
11NPSWRD_WQX,APHN,Appalachian Highlands Network,National Park Service Water Resources Division,11NPSWRD_WQX-BISO_12,BISO,Bear Creek at Mouth,River/Stream,"KY303d listed for iron, pH and siltation from mining. Mussel population poor just downstream of mouth. Possibly BISO's most severely degraded stream.",5130104,,,,,36.62457,-84.53412,,,,GPS Code (Pseudo Range) Standard Position (SA Off),NAD83,,,,,,,US,21,147,,,,,,,,,,STORET
11NPSWRD_WQX,APHN,Appalachian Highlands Network,National Park Service Water Resources Division,11NPSWRD_WQX-BISO_13,BISO,"Roaring Paunch Creek at Barthell, KY",River/Stream,Poor biological health but supports rare crayfish. Oil and gas exploration and extraction and coal mining. Recently removed from KY 303d list for siltation and low pH from resource extraction.,5130104,,,,,36.68788,-84.52747,,,,GPS Code (Pseudo Range) Standard Position (SA Off),NAD83,,,,,,,US,21,147,,,,,,,,,,STORET
11NPSWRD_WQX,APHN,Appalachian Highlands Network,National Park Service Water Resources Division,11NPSWRD_WQX-BISO_14,BISO,Rock Creek at Devil's Creek Rd,River/Stream,KY Wild River. 303d listed in KY (2 sections) - low pH and mercury [acid mine drainage (AMD)].,5130104,,,,,36.703021,-84.563259,,,,GPS Code (Pseudo Range) Standard Position (SA Off),NAD83,,,,,,,US,21,147,,,,,,,,,,STORET
11NPSWRD_WQX,APHN,Appalachian Highlands Network,National Park Service Water Resources Division,11NPSWRD_WQX-BISO_14M,BISO,Rock Creek at Mouth,River/Stream,,5130104,,,,,36.71365,-84.54816,,,,GPS Code (Pseudo Range) Standard Position (SA Off),NAD83,,,,,,,US,21,147,,,,,,,,,,STORET
11NPSWRD_WQX,APHN,Appalachian Highlands Network,National Park Service Water Resources Division,11NPSWRD_WQX-BISO_15,BISO,Big South Fork near Yamacraw,River/Stream,,5130104,,,,,36.72667,-84.54374,,,,GPS Code (Pseudo Range) Standard Position (SA Off),NAD83,,,,,,,US,21,147,,,,,,,,,,STORET
11NPSWRD_WQX,APHN,Appalachian Highlands Network,National Park Service Water Resources Division,11NPSWRD_WQX-BISO_16,BISO,"Big South Fork near Stearns, KY (Blue Heron)",River/Stream,Event sampling from pedestrian bridge.,5130104,,,,,36.67021,-84.54881,,,,GPS Code (Pseudo Range) Standard Position (SA Off),NAD83,,,,,,,US,21,147,,,,,,,,,,STORET
11NPSWRD_WQX,APHN,Appalachian Highlands Network,National Park Service Water Resources Division,11NPSWRD_WQX-BISO_17,BISO,Station Camp u/s Laurel Fork,River/Stream,"Western trib., draining only NPS lands. Intensive horse use. Enters BSF at a shoals area containing very sensitive aquatic resources.",5130104,,,,,36.54478,-84.6785,,,,GPS Code (Pseudo Range) Standard Position (SA Off),NAD83,,,,,,,US,47,151,,,,,,,,,,STORET
11NPSWRD_WQX,APHN,Appalachian Highlands Network,National Park Service Water Resources Division,11NPSWRD_WQX-BISO_18,BISO,Mill Creek near Mouth (NWO),River/Stream,Major tributary to North White Oak Creek; drains Stockton and vicinity.,5130104,,,,,36.406414,-84.772222,,,,Interpolation-Digital Map Source,NAD83,,,,,,,US,47,49,,,,,,,,,,STORET
11NPSWRD_WQX,APHN,Appalachian Highlands Network,National Park Service Water Resources Division,11NPSWRD_WQX-BISO_20,BISO,Laurel Fork of NWO at Mouth,River/Stream,High quality tributary to important drainage. Darrow Ridge,5130104,,,,,36.44407,-84.72188,,,,Interpolation-Digital Map Source,NAD83,,,,,,,US,47,49,,,,,,,,,,STORET
11NPSWRD_WQX,APHN,Appalachian Highlands Network,National Park Service Water Resources Division,11NPSWRD_WQX-BISO_21,BISO,North White Oak Creek at Zenith,River/Stream,Upstream reach of watershed exhibiting high bacterial counts,5130104,,,,,36.42746,-84.73687,,,,Interpolation-Digital Map Source,NAD83,,,,,,,US,47,49,,,,,,,,,,STORET
11NPSWRD_WQX,APHN,Appalachian Highlands Network,National Park Service Water Resources Division,11NPSWRD_WQX-BISO_22,BISO,No Business Creek near Mouth,River/Stream,Western tributary draining only NPS lands; partial year of monthly sampling complete; discharges to critical mussel/fish habitat.,5130104,,,,,36.58379,-84.64433,,,,GPS Code (Pseudo Range) Standard Position (SA Off),NAD83,,,,,,,US,47,151,,,,,,,,,,STORET
11NPSWRD_WQX,APHN,Appalachian Highlands Network,National Park Service Water Resources Division,11NPSWRD_WQX-BISO_23,BISO,Difficulty Creek,River/Stream,Western tributary draining only NPS lands; limited influence on main stem Big South Fork,5130104,,,,,36.6001,-84.60583,,,,Interpolation-Digital Map Source,NAD83,,,,,,,US,21,147,,,,,,,,,,STORET
11NPSWRD_WQX,APHN,Appalachian Highlands Network,National Park Service Water Resources Division,11NPSWRD_WQX-BISO_24,BISO,Troublesome Creek,River/Stream,Western tributary draining only NPS lands; limited influence on main stem Big South Fork,5130104,,,,,36.62302,-84.5925,,,,Interpolation-Digital Map Source,NAD83,,,,,,,US,21,147,,,,,,,,,,STORET
11NPSWRD_WQX,APHN,Appalachian Highlands Network,National Park Service Water Resources Division,11NPSWRD_WQX-BLRI_01,BLRI,Otter Creek,River/Stream,"BLRI campground, other in-park development impacts; leach field issues; 8 miles on BLRI (one of the park's longest stream reaches).",2080203,,,,,37.5748,-79.3422,,,,GPS Code (Pseudo Range) Standard Position (SA Off),NAD83,,,,,,,US,51,9,,,,,,,,,,STORET
11NPSWRD_WQX,APHN,Appalachian Highlands Network,National Park Service Water Resources Division,11NPSWRD_WQX-BLRI_03,BLRI,Dodd Creek,River/Stream,Dodd Creek: 303d-listed; creek and tribs parallel BLRI for approx. 2 miles; West Fork drains Rocky Knob Campground; string of wetlands (about 4) with Fed-listed bog turtle populations.,5050001,,,,,36.87089218,-80.28249445,,,,GPS Code (Pseudo Range) Standard Position (SA Off),NAD83,,,,,,,US,51,63,,,,,,,,,,STORET
11NPSWRD_WQX,APHN,Appalachian Highlands Network,National Park Service Water Resources Division,11NPSWRD_WQX-BLRI_04,BLRI,Coy Wade Bog,Wetland Undifferentiated,Rare wetland type; Federally-listed bog turtle; tributary to Dodd Creek (303d); Agricultural impacts from NPS leases and off-park agriculture.,5050001,,,,,36.8761,-80.2758,,,,GPS Code (Pseudo Range) Standard Position (SA Off),NAD83,,,,,,,US,51,63,,,,,,,,,,STORET
11NPSWRD_WQX,APHN,Appalachian Highlands Network,National Park Service Water Resources Division,11NPSWRD_WQX-BLRI_05,BLRI,Rock Castle Creek,River/Stream,Relatively pristine watershed; almost all within BLRI boundary; imminent threats to watershed from gypsy moth and HWA; wetland at the bottom with Fed-listed bog turtles; VADGIF may be doing some sampling here.,3010103,,,,,36.80733816,-80.32998389,,,,GPS Code (Pseudo Range) Standard Position (SA Off),NAD83,,,,,,,US,51,141,,,,,,,,,,STORET
11NPSWRD_WQX,APHN,Appalachian Highlands Network,National Park Service Water Resources Division,11NPSWRD_WQX-BLRI_06,BLRI,Chestnut Creek,River/Stream,Agricultural impacts; VADGIF fish sampling site; runs through Fishers Peak wetlands.,5050001,,,,,36.57013868,-80.85888022,,,,GPS Code (Pseudo Range) Standard Position (SA Off),NAD83,,,,,,,US,51,77,,,,,,,,,,STORET
11NPSWRD_WQX,APHN,Appalachian Highlands Network,National Park Service Water Resources Division,11NPSWRD_WQX-BLRI_07,BLRI,Big Pine Creek near Saddle Mtn Church NHA,Wetland Undifferentiated,Saddle Mountain is one of the best bog turtle site on BLRI; State-designated Natural Heritage Area; Grazing impacts mitigated by fencing.,5050001,,,,,36.50733,-80.94036,,,,GPS Code (Pseudo Range) Standard Position (SA Off),NAD83,,,,,,,US,37,5,,,,,,,,,,STORET
11NPSWRD_WQX,APHN,Appalachian Highlands Network,National Park Service Water Resources Division,11NPSWRD_WQX-BLRI_08,BLRI,Big Pine Creek near MP 222,River/Stream,,5050001,,,,,36.5024005,-80.95352883,,,,GPS Code (Pseudo Range) Standard Position (SA Off),NAD83,,,,,,,US,37,5,,,,,,,,,,STORET
11NPSWRD_WQX,APHN,Appalachian Highlands Network,National Park Service Water Resources Division,11NPSWRD_WQX-BLRI_09,BLRI,Basin Creek,River/Stream,,3040101,,,,,36.375361,-81.145389,,,,GPS Code (Pseudo Range) Standard Position (SA Off),NAD83,,,,,,,US,37,193,,,,,,,,,,STORET
11NPSWRD_WQX,APHN,Appalachian Highlands Network,National Park Service Water Resources Division,11NPSWRD_WQX-BLRI_10,BLRI,Sims Creek,River/Stream,,6010103,,,,,36.14297,-81.71524,,,,Unknown,NAD83,,,,,,,US,37,189,,,,,,,,,,STORET
11NPSWRD_WQX,APHN,Appalachian Highlands Network,National Park Service Water Resources Division,11NPSWRD_WQX-BLRI_11,BLRI,Linville River,River/Stream,"Impacts from NPS campground; off-park development, nurseries (pesticides); heavy visitor use; acid deposition (USFS found extremely low pH and high aluminum in this watershed); under consideration as Wild and Scenic River.",3050101,,,,,35.97021544,-81.92991938,,,,GPS Code (Pseudo Range) Standard Position (SA Off),NAD83,,,,,,,US,37,23,,,,,,,,,,STORET
11NPSWRD_WQX,APHN,Appalachian Highlands Network,National Park Service Water Resources Division,11NPSWRD_WQX-BLRI_12,BLRI,Graybeard Mountain Overlook,Spring,"4 high-elevation (5,450') seeps; pH measured in 1974-75 at 5.0-5.1; water source for Craggy Visitors Center.",6010105,,,,,35.71093703,-82.36700764,,,,GPS Code (Pseudo Range) Standard Position (SA Off),NAD83,,,,,,,US,37,21,,,,,,,,,,STORET
11NPSWRD_WQX,APHN,Appalachian Highlands Network,National Park Service Water Resources Division,11NPSWRD_WQX-BLRI_13,BLRI,Flat Laurel Gap Bog,Wetland Undifferentiated,"12,000 year-old bog; very rare high elevation wetland type; state-designated RHA; surrounded by Mt. Pisgah campground and crossed by NPS wastewater line; acid deposition; 4 bird species of concern; (northern saw whet owl, olive-sided flycatcher, brown creeper; S. Appalachian yellow-bellied sapsucker); 3 NC state-listed plants (Lonicera canadensis, Tofieldia glutinosa, Eriophorum virginicum).",6010106,,,,,35.40607338,-82.75705204,,,,GPS Code (Pseudo Range) Standard Position (SA Off),NAD83,,,,,,,US,37,87,,,,,,,,,,STORET
11NPSWRD_WQX,APHN,Appalachian Highlands Network,National Park Service Water Resources Division,11NPSWRD_WQX-BLRI_13A,BLRI,Pisgah Creek d/s Sewage Treatment Plant,River/Stream,,6010106,,,,,35.411033,-82.759354,,,,GPS-Unspecified,WGS84,,,,,,,US,37,87,,,,,,,,,,STORET
11NPSWRD_WQX,APHN,Appalachian Highlands Network,National Park Service Water Resources Division,11NPSWRD_WQX-BLRI_14,BLRI,Redbank Branch,River/Stream,"High-elevation (4,600'); BLRI owns this small watershed; State-designated Natural Heritage Site (Redbank Cove); northern hardwoods.",6010106,,,,,35.43653506,-83.05509115,,,,GPS Code (Pseudo Range) Standard Position (SA Off),NAD83,,,,,,,US,37,87,,,,,,,,,,STORET
11NPSWRD_WQX,APHN,Appalachian Highlands Network,National Park Service Water Resources Division,11NPSWRD_WQX-BLRI_15,BLRI,Yellowface Overlook,Spring,High elevation; low ANC watershed; rare salamander (G1Q).,6010203,,,,,35.45893896,-83.13104804,,,,GPS Code (Pseudo Range) Standard Position (SA Off),NAD83,,,,,,,US,37,99,,,,,,,,,,STORET
11NPSWRD_WQX,APHN,Appalachian Highlands Network,National Park Service Water Resources Division,11NPSWRD_WQX-BLRI_H02,BLRI,Creek into Bass Lake,River/Stream,Small creek flowing into Bass Lake.,5050001,,,,,36.14008201,-81.68732013,,,,GPS Code (Pseudo Range) Standard Position (SA On),NAD83,,,,,,,US,37,189,,,,,,,,,,STORET
11NPSWRD_WQX,APHN,Appalachian Highlands Network,National Park Service Water Resources Division,11NPSWRD_WQX-BLRI_H04,BLRI,Unnamed Creek near Wesner Bald Overlook,River/Stream,GRTS site selected. Small creek near the Wesner Blad Overlook.,6010203,,,,,35.44891401,-83.11076012,,,,GPS Code (Pseudo Range) Standard Position (SA On),NAD83,,,,,,,US,37,99,,,,,,,,,,STORET
11NPSWRD_WQX,APHN,Appalachian Highlands Network,National Park Service Water Resources Division,11NPSWRD_WQX-BLRI_H05,BLRI,North Branch of Soco Creek,River/Stream,"GRTS site selected. Wide branching creek, many segments seeping from ground.",6010203,,,,,35.4898425,-83.1470793,,,,GPS Code (Pseudo Range) Standard Position (SA On),NAD83,,,,,,,US,37,99,,,,,,,,,,STORET
11NPSWRD_WQX,APHN,Appalachian Highlands Network,National Park Service Water Resources Division,11NPSWRD_WQX-BLRI_L01,BLRI,Little Rock Castle Creek,River/Stream,Creek upstream of Rock Castle Creek. GRTS site.,3010103,,,,,36.820768,-80.3276971,,,,GPS Code (Pseudo Range) Standard Position (SA Off),NAD83,,,,,,,US,51,141,,,,,,,,,,STORET
11NPSWRD_WQX,APHN,Appalachian Highlands Network,National Park Service Water Resources Division,11NPSWRD_WQX-BLRI_L02,BLRI,Grassy Gap Fire Road Creek,River/Stream,Small creek off of the Grassy Gap Fire Road. GRTS site selected.,3040101,,,,,36.40142101,-81.18955113,,,,GPS Code (Pseudo Range) Standard Position (SA On),NAD83,,,,,,,US,37,5,,,,,,,,,,STORET
11NPSWRD_WQX,APHN,Appalachian Highlands Network,National Park Service Water Resources Division,11NPSWRD_WQX-BLRI_M01,BLRI,Irish Creek,River/Stream,GRTS site selected. Small creek near NPS maintenance building and close to water source. Located next to Mt Paran Baptist Church.,2080203,,,,,37.86397101,-79.14780713,,,,GPS Code (Pseudo Range) Standard Position (SA On),NAD83,,,,,,,US,51,125,,,,,,,,,,STORET
11NPSWRD_WQX,APHN,Appalachian Highlands Network,National Park Service Water Resources Division,11NPSWRD_WQX-BLRI_M03,BLRI,Brush Creek South Tributary,River/Stream,GRTS site. Small creek in forested strip between fields and houses/development.,5050001,,,,,36.43304401,-81.05745513,,,,GPS Code (Pseudo Range) Standard Position (SA On),NAD83,,,,,,,US,37,5,,,,,,,,,,STORET
11NPSWRD_WQX,APHN,Appalachian Highlands Network,National Park Service Water Resources Division,11NPSWRD_WQX-OBRI_01,OBRI,Clear Creek at Norris Ford,River/Stream,High quality tributary near upstream boundary of Clear Creek arm of OBRI WSR corridor.,6010208,,,,,36.137229,-84.872312,,,,GPS Code (Pseudo Range) Standard Position (SA Off),NAD83,,,,,,,US,47,35,,,,,,,,,,STORET
11NPSWRD_WQX,APHN,Appalachian Highlands Network,National Park Service Water Resources Division,11NPSWRD_WQX-OBRI_02,OBRI,White Creek at Mouth Near Barnett Bridge,River/Stream,Large tributary to Clear Creek. Oil and gas exploration and extraction; site of major oil spill and fire in 2002. Residential development.,6010208,,,,,36.122778,-84.7975,,,,GPS Code (Pseudo Range) Standard Position (SA Off),NAD83,,,,,,,US,47,129,,,,,,,,,,STORET
11NPSWRD_WQX,APHN,Appalachian Highlands Network,National Park Service Water Resources Division,11NPSWRD_WQX-OBRI_03,OBRI,Clear Creek at Lilly Bridge,River/Stream,Co-located with USGS gage# 03539778.,6010208,,,,,36.101944,-84.716944,,,,GPS Code (Pseudo Range) Standard Position (SA Off),NAD83,,,,,,,US,47,129,,,,,,,,,,STORET
11NPSWRD_WQX,APHN,Appalachian Highlands Network,National Park Service Water Resources Division,11NPSWRD_WQX-OBRI_04,OBRI,Obed River at Adams Bridge,River/Stream,Short distance upstream of OBRI WSR corridor. Influenced by urban development (Crossville). Upstream of park waters co-located with USGS gage # 03538830. Monitors urban influences on the Obed River. Event sampling from bridge.,6010208,,,,,36.061667,-84.961667,,,,GPS Code (Pseudo Range) Standard Position (SA Off),NAD83,,,,,,,US,47,35,,,,,,,,,,STORET
11NPSWRD_WQX,APHN,Appalachian Highlands Network,National Park Service Water Resources Division,11NPSWRD_WQX-OBRI_05,OBRI,Otter Creek at Firetower Road,River/Stream,"Urbanization, including water supply and recreational reservoirs may influence streamflow and water quality. Land application of municipal waste. Access limited during periods from Catoosa WMA.",6010208,,,,,36.054111,-84.85574,,,,GPS Code (Pseudo Range) Standard Position (SA Off),NAD83,,,,,,,US,47,35,,,,,,,,,,STORET
11NPSWRD_WQX,APHN,Appalachian Highlands Network,National Park Service Water Resources Division,11NPSWRD_WQX-OBRI_06,OBRI,Obed River at Obed Junction Upstream Daddys Creek,River/Stream,Site to be sampled for comparative purposes. Nearly identical drainage size as Daddys Creek and Clear Creek.,6010208,,,,,36.0797,-84.76639,,,,Interpolation-Digital Map Source,NAD83,,,,,,,US,47,129,,,,,,,,,,STORET
11NPSWRD_WQX,APHN,Appalachian Highlands Network,National Park Service Water Resources Division,11NPSWRD_WQX-OBRI_07,OBRI,Daddys Creek at Antioch Bridge,River/Stream,,6010208,,,,,35.99805556,-84.82333333,,,,Interpolation-Digital Map Source,WGS84,,,,,,,US,47,35,,,,,,,,,,STORET
11NPSWRD_WQX,APHN,Appalachian Highlands Network,National Park Service Water Resources Division,11NPSWRD_WQX-OBRI_08,OBRI,Obed River at Alley Ford,River/Stream,Access by hiking or ATV. Condemned cableway cannot be used for high stage measurements or sampling. Good biological diversity at this site. Most downstream site before confluence with Emory River.,6010208,,,,,36.081389,-84.670833,,,,GPS Code (Pseudo Range) Standard Position (SA Off),NAD83,,,,,,,US,47,129,,,,,,,,,,STORET
11NPSWRD_WQX,APHN,Appalachian Highlands Network,National Park Service Water Resources Division,11NPSWRD_WQX-OBRI_09,OBRI,Emory River Upstream of Obed Confluence,River/Stream,Very diverse biological community including Federally listed fish.,6010208,,,,,36.07664,-84.64734,,,,GPS Code (Pseudo Range) Standard Position (SA Off),NAD83,,,,,,,US,47,129,,,,,,,,,,STORET
11NPSWRD_WQX,APHN,Appalachian Highlands Network,National Park Service Water Resources Division,11NPSWRD_WQX-OBRI_10,OBRI,Emory River at Nemo Bridge above Rock Creek,River/Stream,Downstream integrator site. Lowest point in OBRI WSR corridor.,6010208,,,,,36.069167,-84.662778,,,,GPS Code (Pseudo Range) Standard Position (SA Off),NAD83,,,,,,,US,47,129,,,,,,,,,,STORET
11NPSWRD_WQX,APHN,Appalachian Highlands Network,National Park Service Water Resources Division,11NPSWRD_WQX-OBRI_11,OBRI,Rock Creek at Mouth near Nemo Bridge,River/Stream,Impacted of by acid mine drainage. Watershed potentially targeted for mitigation. Rock Creek is at lower end of Park.,6010208,,,,,36.07054,-84.66412,,,,GPS Code (Pseudo Range) Standard Position (SA Off),NAD83,,,,,,,US,47,129,,,,,,,,,,STORET
11NPSWRD_WQX,APHN,Appalachian Highlands Network,National Park Service Water Resources Division,11NPSWRD_WQX-OBRI_12,OBRI,Yellow Creek at Hebbertsburg,River/Stream,Receiving stream for potential ash disposal landfill.,6010208,,,,,36.018583,-84.793978,,,,GPS Code (Pseudo Range) Standard Position (SA Off),NAD83,,,,,,,US,47,35,,,,,,,,,,STORET
11NPSWRD_WQX,APHN,Appalachian Highlands Network,National Park Service Water Resources Division,11NPSWRD_WQX-OBRI_13,OBRI,Little Obed River at Crossville,River/Stream,"Upstream tributary of Obed River.  Urbanization, including urban runoff.",6010208,,,,,35.97596,-85.03839,,,,GPS Code (Pseudo Range) Standard Position (SA On),NAD83,,,,,,,US,47,35,,,,,,,,,,STORET
11NPSWRD_WQX,APHN,Appalachian Highlands Network,National Park Service Water Resources Division,11NPSWRD_WQX-OBRI_14,OBRI,Black Drowning Creek near Crossville,River/Stream,History of high nutrient loading from agricultural feedlot.,6010208,,,,,35.996481,-85.0575,,,,GPS Code (Pseudo Range) Standard Position (SA Off),NAD83,,,,,,,US,47,35,,,,,,,,,,STORET
11NPSWRD_WQX,APHN,Appalachian Highlands Network,National Park Service Water Resources Division,11NPSWRD_WQX-OBRI_15,OBRI,North Creek near Fairfield Glade,River/Stream,Receives effluent from Fairfield Glade and I-40 rest area.,6010208,,,,,35.933722,-84.912975,,,,GPS Code (Pseudo Range) Standard Position (SA On),NAD83,,,,,,,US,47,35,,,,,,,,,,STORET
11NPSWRD_WQX,APHN,Appalachian Highlands Network,National Park Service Water Resources Division,11NPSWRD_WQX-OBRI_16,OBRI,Byrd Creek at Homestead,River/Stream,Drains communities of Homestead and Crossville.,6010208,,,,,35.923544,-84.935456,,,,GPS Code (Pseudo Range) Standard Position (SA On),NAD83,,,,,,,US,47,35,,,,,,,,,,STORET
11NPSWRD_WQX,APHN,Appalachian Highlands Network,National Park Service Water Resources Division,11NPSWRD_WQX-OBRI_17,OBRI,Fox Creek near Crossville,River/Stream,Nearly identical drainage size as Daddys Creek and Clear Creek.,6010208,,,,,36.04955,-84.93479,,,,GPS Code (Pseudo Range) Standard Position (SA Off),NAD83,,,,,,,US,47,35,,,,,,,,,,STORET
11NPSWRD_WQX,APHN,Appalachian Highlands Network,National Park Service Water Resources Division,11NPSWRD_WQX-OBRI_18,OBRI,Basses Creek,River/Stream,Tributary potentially impacted by upstream impoundment of Lake Tansi.,6010208,,,,,35.851294,-85.013211,,,,GPS Code (Pseudo Range) Standard Position (SA Off),NAD83,,,,,,,US,47,35,,,,,,,,,,STORET
11NPSWRD_WQX,APHN,Appalachian Highlands Network,National Park Service Water Resources Division,11NPSWRD_WQX-OBRI_19,OBRI,Little Clear Creek at Lilly Bridge,River/Stream,Large Clear Creek tributary. Drains mostly forest and pastureland.,6010208,,,,,36.10405,-84.718072,,,,GPS Code (Pseudo Range) Standard Position (SA On),NAD83,,,,,,,US,47,129,,,,,,,,,,STORET
11NPSWRD_WQX,APHN,Appalachian Highlands Network,National Park Service Water Resources Division,11NPSWRD_WQX-OBRI_DLO,OBRI,Obed River downstream of Little Obed at Northside Drive,River/Stream,,6010208,,,,,35.984423,-85.04319,,,,Interpolation-Digital Map Source,WGS84,,,,,,,US,47,35,,,,,,,,,,STORET
11NPSWRD_WQX,APHN,Appalachian Highlands Network,National Park Service Water Resources Division,11NPSWRD_WQX-OBRI_O_02,OBRI,Daddys Creek at Highway 70,River/Stream,,6010208,,,,,35.91905,-84.91912,,,,Unknown,NAD83,,,,,,,US,47,35,,,,,,,,,,STORET
11NPSWRD_WQX,APHN,Appalachian Highlands Network,National Park Service Water Resources Division,11NPSWRD_WQX-OBRI_O_03,OBRI,Daddys Creek at Meridian,River/Stream,,6010208,,,,,35.89027,-84.93698,,,,Unknown,NAD83,,,,,,,US,47,35,,,,,,,,,,STORET
11NPSWRD_WQX,APHN,Appalachian Highlands Network,National Park Service Water Resources Division,11NPSWRD_WQX-OBRI_O_04,OBRI,Daddys Creek at I-40,River/Stream,,6010208,,,,,35.92565,-84.91354,,,,Unknown,NAD83,,,,,,,US,47,35,,,,,,,,,,STORET
11NPSWRD_WQX,APHN,Appalachian Highlands Network,National Park Service Water Resources Division,11NPSWRD_WQX-OBRI_O_05,OBRI,Daddys Creek at Center Bridge,River/Stream,,6010208,,,,,35.92739,-84.87625,,,,Unknown,NAD83,,,,,,,US,47,35,,,,,,,,,,STORET
11NPSWRD_WQX,APHN,Appalachian Highlands Network,National Park Service Water Resources Division,11NPSWRD_WQX-OBRI_O_07,OBRI,Daddys Creek at Devils Breakfast Table,River/Stream,,6010208,,,,,36.0592,-84.79238,,,,GPS Code (Pseudo Range) Standard Position (SA Off),NAD83,,,,,,,US,47,35,,,,,,,,,,STORET
11NPSWRD_WQX,APHN,Appalachian Highlands Network,National Park Service Water Resources Division,11NPSWRD_WQX-OBRI_ORP,OBRI,Obed River at Obed River Park,River/Stream,,6010208,,,,,35.975079,-85.047073,,,,Interpolation-Digital Map Source,WGS84,,,,,,,US,47,35,,,,,,,,,,STORET
11NPSWRD_WQX,GLKN,Great Lakes Network,National Park Service Water Resources Division,11NPSWRD_WQX-INDU_01,INDU,Long Lake,Lake,"Station:  The water quality monitoring station is located in the middle of the western half of Long Lake.  A map with additional notes on Station Description is shown in Record #1 under the Pictures tab above.  Landmarks: 1. Wooden overlook (walkway platform) on hillside 283 deg., 2. Beige building on the eastern shore of the lake 70 deg.  Photographs of landmark locations are shown in Record # 2 under the Pictures tab above.  Benchmark:  A benchmark was established and used as a reference point by which to measure lake water level.  For this water quality monitoring station, a pre-existing USGS groundwater well (E-3) was used as a benchmark.  A map and photograph showing the benchmark location is shown in Record #'s 1 and 3 under the Pictures tab above.  Note that the GPS coordinates for the groundwater well shown in Record's 1 and 3 ARE NOT CORRECT.  Actual GPS coordinates of the benchmark are (UTM NAD 83 Zone 16N) 4607302.57 N, 482569.26 E.",4040001,,,,,41.61528,-87.21214,,,,GPS Code (Pseudo Range) Standard Position (SA Off),NAD83,,,,,,,US,18,127,,,,,,,,,,STORET
11NPSWRD_WQX,GLKN,Great Lakes Network,National Park Service Water Resources Division,11NPSWRD_WQX-INDU_02,INDU,Lake George,Lake,"Station:  The water quality monitoring station is located in the western half of the lake near the electrical transmission lines and towers.  A map with additional notes on Station Description is shown in Record #1 under the Pictures tab above.  Landmarks: 1. Western transmission tower on north shore 300 deg., 2. Western transmission tower on south shore 221 deg.  A map and photographs of landmark locations are shown in Record #'s 1 and 2 under the Pictures tab above.  Benchmark:  A benchmark was NOT established for this Station due to the presence of a USGS staff gage on the Deep River at the outlet of Lake George (USGS Site Name: USGS 04093000 DEEP RIVER AT LAKE GEORGE OUTLET AT HOBART, IN; website: http://waterdata.usgs.gov/in/nwis/nwisman/?site_no=04093000&agency_cd=USGS)",4040001,,,,,41.52592,-87.27861,,,,GPS Code (Pseudo Range) Standard Position (SA Off),NAD83,,,,,,,US,18,89,,,,,,,,,,STORET
11NPSWRD_WQX,GLKN,Great Lakes Network,National Park Service Water Resources Division,11NPSWRD_WQX-INDU_05,INDU,Middle Lagoon,Lake,"Station:  The water quality monitoring station is located in the middle of the western half of Middle Lagoon, near eastern border of Miller Woods and just south of the beach at Marquette Park.  Preliminary monitoring at this station was initiated in September, 2007.  A permanent marker was used to note the spot on the bridge railing from which height readings are collected, as measured from top of railing (benchmark) to the water's surface.  A map and photographs of the station are shown in Record #'s 1, 2, and 3 under the Pictures tab above.",4040001,,,,,41.61525602,-87.2727514,,,,GPS Code (Pseudo Range) Standard Position (SA Off),NAD83,,,,,,,US,18,89,,,,,,,,,,STORET
11NPSWRD_WQX,GLKN,Great Lakes Network,National Park Service Water Resources Division,11NPSWRD_WQX-ISRO_01,ISRO,Lake Ahmik,Lake,"Station: Located in center of southwestern third of lake; southeast of canoe put-in approximately 2/3 of the way across the lake.  A map with additional notes on Station Description is shown in Record #1 under the Pictures tab above.    Landmarks: 1. Eastern point of rocky knob near grassy meadow is 31°  2. Small island in eastern-most part of lake is 52°  3. Point at west end of lake is 243°.  Images of landmarks are shown in Records #2 and 3 under the Pictures tab above.  Benchmark:  A benchmark was established and used as a reference point by which to measure lake water level. Images and description of the benchmark location,  including GPS coordinates (48.1487440, 88.5408535), are shown in Records #1, 4 and 5 under the Pictures tab above.",4020300,,,,,48.1478797,-88.5415881,,,,GPS Code (Pseudo Range) Standard Position (SA Off),NAD83,,,,,,,US,26,83,,,,,,,,,,STORET
11NPSWRD_WQX,GLKN,Great Lakes Network,National Park Service Water Resources Division,11NPSWRD_WQX-ISRO_02,ISRO,Sargent Lake,Lake,"Location: Station is just northeast of the middle of the southwestern arm of lake.  A map with additional notes on Station Description is shown in Record #1 under the Pictures tab above.    Landmarks: 1. North point is 305°  2. Eastern point south of The Narrows is 60°  3. Southwestern point is 248°.  Images of landmarks are shown in Records #2 and 3 under the Pictures tab above.  A benchmark was established and used as a reference point by which to measure lake water level.  Images and description of the benchmark location,  including GPS coordinates (48.0945050, 88.654203), are shown in Records #1, 4 and 5 under the Pictures tab above.",4020300,,,,,48.0912831,-88.6617404,,,,GPS Code (Pseudo Range) Standard Position (SA Off),NAD83,,,,,,,US,26,83,,,,,,,,,,STORET
11NPSWRD_WQX,GLKN,Great Lakes Network,National Park Service Water Resources Division,11NPSWRD_WQX-ISRO_03,ISRO,Lake Richie,Lake,"Location: Station is between Richie canoe campground and the southern arm of lake (outlet) and in-line with the southern shoreline of the main water body of lake.  A map with additional notes on Station Description is shown in Record #1 under the Pictures tab above.    Landmarks: 1. Rocky point at canoe campground is 20°  2. Rocky point on east side of southern arm of lake is 152°  3. Rocky shore (towards Intermediate Lake portage) is 266°.  Images of landmarks are shown in Records #2 and 3 under the Pictures tab above.  A benchmark was established and used as a reference point by which to measure lake water level.  Images and description of the benchmark location, including GPS coordinates (48.0521047, 88.6845202), are shown in Records #1, 4 and 5 under the Pictures tab above.",4020300,,,,,48.0410454,-88.7005398,,,,GPS Code (Pseudo Range) Standard Position (SA Off),NAD83,,,,,,,US,26,83,,,,,,,,,,STORET
11NPSWRD_WQX,GLKN,Great Lakes Network,National Park Service Water Resources Division,11NPSWRD_WQX-ISRO_04,ISRO,Beaver Lake,Lake,"Location: Station is in the narrowest part in center of lake; just south of center between south and north shores on the western edge of the 'narrows'.  A map with additional notes on Station Description is shown in Record #1 under the Pictures tab above.     Landmarks:  1. Northeast end of lake is 60°  2. Large rock on south shore,  just west of narrows, is 184°  3. Point on west side of northwest bay is 276°.   Images of landmarks are shown in Records #2 and 3 under the Pictures tab above.  A benchmark was established and used as a reference point by which to measure lake water level.  Images and description of the benchmark location, including GPS coordinates (48.0793305, 88.7576077), are shown in Records #1, 4 and 5 under the Pictures tab above.",4020300,,,,,48.0799674,-88.7573479,,,,GPS Code (Pseudo Range) Standard Position (SA Off),NAD83,,,,,,,US,26,83,,,,,,,,,,STORET
11NPSWRD_WQX,GLKN,Great Lakes Network,National Park Service Water Resources Division,11NPSWRD_WQX-ISRO_05,ISRO,Lake Harvey,Lake,"Location: Station is approximately just north of the center of the lake; approximately 20 m north of large northern island and approximately 60 m east of the west end of this large island.   A map with additional notes on Station Description is shown in Record #1 under the Pictures tab above.    Landmarks:  1. Eastern point is 79°  2. West end of large northern island is 217°  3. Stream mouth is 307°.  Images of landmarks are shown in Records #2 and 3 under the Pictures tab above.  A benchmark was established and used as a reference point by which to measure lake water level.  Images and description of the benchmark location, including GPS coordinates (48.0502666, 88.7991161), are shown in Records #1, 4 and 5 under the Pictures tab above.",4020300,,,,,48.0504249,-88.7961173,,,,GPS Code (Pseudo Range) Standard Position (SA Off),NAD83,,,,,,,US,26,83,,,,,,,,,,STORET
11NPSWRD_WQX,GLKN,Great Lakes Network,National Park Service Water Resources Division,11NPSWRD_WQX-ISRO_06,ISRO,Lake George,Lake,"Location: Station is just NE of mid-point of lake, near the west side of the shallow cove ('sample bay') on south shore.   A map with additional notes on Station Description is shown in Record #1 under the Pictures tab above.    Landmarks:  1. Little bay to south-southwest is 246°  2. Near point to west, on north shore, is 260°  3. Near point to east, east side of 'sample bay' on south shore is 65°.  Images of landmarks are shown in Records #2 and 3 under the Pictures tab above.  A benchmark was established and used as a reference point by which to measure lake water level.  Images and description of the benchmark location, including GPS coordinates (48.0061097, 88.6892708), are shown in Records #1, 4 and 5 under the Pictures tab above.",4020300,,,,,48.0077949,-88.6852021,,,,GPS Code (Pseudo Range) Standard Position (SA Off),NAD83,,,,,,,US,26,83,,,,,,,,,,STORET
11NPSWRD_WQX,GLKN,Great Lakes Network,National Park Service Water Resources Division,11NPSWRD_WQX-ISRO_07,ISRO,Siskiwit Lake,Lake,"Location: Station is located due north of west end of Eagle Nest Island and west-southwest of Ryan Island; approximately in the center of the Lake.    A map with additional notes on Station Description is shown in Record #1 under the Pictures tab above.    Landmarks: 1. Rocky opening near shore is 353°  2. West end of Ryan Island is 72°  3. Point on north side of southwest bay is 248°.  Images of landmarks are shown in Records #2 and 3 under the Pictures tab above.  A benchmark was established and used as a reference point by which to measure lake water level.  Images and description of the benchmark location, including GPS coordinates (47.9900077, 88.8037849), are shown in Records #1, 4 and 5 under the Pictures tab above.",4020300,,,,,48.0037629,-88.7951845,,,,GPS Code (Pseudo Range) Standard Position (SA Off),NAD83,,,,,,,US,26,83,,,,,,,,,,STORET
11NPSWRD_WQX,GLKN,Great Lakes Network,National Park Service Water Resources Division,11NPSWRD_WQX-ISRO_08,ISRO,Lake Desor,Lake,"Location: Station is 2/3 the way to South Desor Campground from North Desor Campground and located between the eastern-most large island in mid-lake and the small island north of South Desor Campground.    A map with additional notes on Station Description is shown in Record #1 under the Pictures tab above.    Initial sampling station was at 47.9745156, 88.9871451 prior to 06/15/2007.  Station was moved to above location prior to 08/08/2007 sampling event.    Landmarks: 1. Southeast end of eastern large island is 246°  2. Small island to the east is 72°  3. North Desor Campground is 315°.  Images of landmarks are shown in Records #2 and 3 under the Pictures tab above.  A benchmark was established and used as a reference point by which to measure lake water level.  Images and description of the benchmark location, including GPS coordinates (47.9812069, 88.9929001), are shown in Records #1, 4 and 5 under the Pictures tab above.",4020300,,,,,47.9731536,-88.9805807,,,,GPS Code (Pseudo Range) Standard Position (SA Off),NAD83,,,,,,,US,26,83,,,,,,,,,,STORET
11NPSWRD_WQX,GLKN,Great Lakes Network,National Park Service Water Resources Division,11NPSWRD_WQX-ISRO_09,ISRO,Feldtmann Lake,Lake,"Location: From campground, the sample station is 5/6 of the way to largest point on the northern shore.    A map with additional notes on Station Description is shown in Record #1 under the Pictures tab above.    Landmarks:  1. Near point on north side is 25°  2. Feldtmann Lake overlook is 95°  3. Southwestern corner of the lake (campground) is 205°.   Images of landmarks are shown in Records #2 and 3 under the Pictures tab above.  A benchmark was established and used as a reference point by which to measure lake water level.  Images and description of the benchmark location, including GPS coordinates (47.8477497, 89.1810778), are shown in Records #1, 4, 5 and 6 under the Pictures tab above.",4020300,,,,,47.8551237,-89.1773746,,,,GPS Code (Pseudo Range) Standard Position (SA Off),NAD83,,,,,,,US,26,83,,,,,,,,,,STORET
11NPSWRD_WQX,GLKN,Great Lakes Network,National Park Service Water Resources Division,11NPSWRD_WQX-ISRO_13,ISRO,Wallace Lake,Lake,,4020300,,,,,48.0572785,-88.6282782,,,,GPS-Unspecified,NAD83,,,,,,,US,26,83,,,,,,,,,,STORET
11NPSWRD_WQX,GLKN,Great Lakes Network,National Park Service Water Resources Division,11NPSWRD_WQX-ISRO_14,ISRO,Epidote Lake,Lake,,4020300,,,,,48.04091013,-88.61413764,,,,GPS Code (Pseudo Range) Standard Position (SA On),NAD83,,,,,,,US,26,83,,,,,,,,,,STORET
11NPSWRD_WQX,GLKN,Great Lakes Network,National Park Service Water Resources Division,11NPSWRD_WQX-ISRO_19,ISRO,Lake Whittlesey,Lake,,4020300,,,,,48.01090652,-88.69094789,,,,GPS Code (Pseudo Range) Standard Position (SA Off),NAD83,,,,,,,US,26,83,,,,,,,,,,STORET
11NPSWRD_WQX,GLKN,Great Lakes Network,National Park Service Water Resources Division,11NPSWRD_WQX-ISRO_20,ISRO,Wood Lake,Lake,,4020300,,,,,48.0052505,-88.74137275,,,,GPS Code (Pseudo Range) Standard Position (SA On),NAD83,,,,,,,US,26,83,,,,,,,,,,STORET
11NPSWRD_WQX,GLKN,Great Lakes Network,National Park Service Water Resources Division,11NPSWRD_WQX-ISRO_21,ISRO,Intermediate Lake,Lake,,4020300,,,,,48.0310142,-88.72842355,,,,GPS Code (Pseudo Range) Standard Position (SA On),NAD83,,,,,,,US,26,83,,,,,,,,,,STORET
11NPSWRD_WQX,GLKN,Great Lakes Network,National Park Service Water Resources Division,11NPSWRD_WQX-ISRO_22,ISRO,Lake LeSage,Lake,,4020300,,,,,48.05798625,-88.70903964,,,,GPS Code (Pseudo Range) Standard Position (SA On),NAD83,,,,,,,US,26,83,,,,,,,,,,STORET
11NPSWRD_WQX,GLKN,Great Lakes Network,National Park Service Water Resources Division,11NPSWRD_WQX-ISRO_24,ISRO,Chickenbone Lake,Lake,,4020300,,,,,48.06755637,-88.71100419,,,,GPS Code (Pseudo Range) Standard Position (SA On),NAD83,,,,,,,US,26,83,,,,,,,,,,STORET
11NPSWRD_WQX,GLKN,Great Lakes Network,National Park Service Water Resources Division,11NPSWRD_WQX-ISRO_30,ISRO,Amygdaloid Lake,Lake,,4020300,,,,,48.14712904,-88.63298586,,,,GPS Code (Pseudo Range) Standard Position (SA On),NAD83,,,,,,,US,26,83,,,,,,,,,,STORET
11NPSWRD_WQX,GLKN,Great Lakes Network,National Park Service Water Resources Division,11NPSWRD_WQX-ISRO_32,ISRO,Hidden Lake,Lake,,4020300,,,,,48.15838829,-88.47423865,,,,GPS Code (Pseudo Range) Standard Position (SA On),NAD83,,,,,,,US,26,83,,,,,,,,,,STORET
11NPSWRD_WQX,GLKN,Great Lakes Network,National Park Service Water Resources Division,11NPSWRD_WQX-PIRO_01,PIRO,Grand Sable Lake,Lake,This station is located in the middle of Grand Sable Lake immediately west of the public boat launch.,4020201,,,,,46.6492,-86.0326,,,,GPS Code (Pseudo Range) Standard Position (SA Off),NAD83,,,,,,,US,26,3,,,,,,,,,,STORET
11NPSWRD_WQX,GLKN,Great Lakes Network,National Park Service Water Resources Division,11NPSWRD_WQX-PIRO_02,PIRO,Trapper's Lake,Lake,,4020201,,,,,46.587293,-86.31504,,,,GPS Code (Pseudo Range) Standard Position (SA Off),NAD83,,,,,,,US,26,3,,,,,,,,,,STORET
11NPSWRD_WQX,GLKN,Great Lakes Network,National Park Service Water Resources Division,11NPSWRD_WQX-PIRO_03,PIRO,Legion Lake,Lake,This station is located in a deep area of Legion Lake near it's southern end.,4060106,,,,,46.5263,-86.361,,,,GPS Code (Pseudo Range) Standard Position (SA Off),NAD83,,,,,,,US,26,3,,,,,,,,,,STORET
11NPSWRD_WQX,GLKN,Great Lakes Network,National Park Service Water Resources Division,11NPSWRD_WQX-PIRO_04,PIRO,Beaver Lake,Lake,This station is located in the middle of Beaver Lake.,4020201,,,,,46.5722,-86.3348,,,,GPS Code (Pseudo Range) Standard Position (SA Off),NAD83,,,,,,,US,26,3,,,,,,,,,,STORET
11NPSWRD_WQX,GLKN,Great Lakes Network,National Park Service Water Resources Division,11NPSWRD_WQX-PIRO_05,PIRO,Little Beaver Lake,Lake,"This station is located at Little Beaver Lake, at a deep area of the lake northeast of the boat launch. Original target location (46.5594, -86.3617) was moved in 2021 to reflect where surveys have generally been done and to the likely z-max.",4020201,,,,,46.55788012,-86.36124225,,,,GPS Code (Pseudo Range) Standard Position (SA Off),NAD83,,,,,,,US,26,3,,,,,,,,,,STORET
11NPSWRD_WQX,GLKN,Great Lakes Network,National Park Service Water Resources Division,11NPSWRD_WQX-PIRO_06,PIRO,Chapel Lake,Lake,"This station is located at southern end of the Chapel Lake, west of the launch site.",4020201,,,,,46.5283,-86.4514,,,,GPS Code (Pseudo Range) Standard Position (SA Off),NAD83,,,,,,,US,26,3,,,,,,,,,,STORET
11NPSWRD_WQX,GLKN,Great Lakes Network,National Park Service Water Resources Division,11NPSWRD_WQX-PIRO_07,PIRO,Little Chapel Lake,Lake,,4020201,,,,,46.54318,-86.4474,,,,GPS-Unspecified,NAD83,,,,,,,US,26,3,,,,,,,,,,STORET
11NPSWRD_WQX,GLKN,Great Lakes Network,National Park Service Water Resources Division,11NPSWRD_WQX-PIRO_08,PIRO,Miners Lake,Lake,This station is located in the middle of Miners Lake.,4020201,,,,,46.4808,-86.5383,,,,GPS Code (Pseudo Range) Standard Position (SA Off),NAD83,,,,,,,US,26,3,,,,,,,,,,STORET
11NPSWRD_WQX,GLKN,Great Lakes Network,National Park Service Water Resources Division,11NPSWRD_WQX-SLBE_01,SLBE,Manitou Lake,Lake,"Sampling site is in the north central portion of the lake, just out from the second point of the eastern shoreline. Target location moved in 2021 to reflect actual survey area and likely z-max. Original location was 45.1259, -86.02469518 but surveys were generally not done in this area.",4060104,,,,,45.12937172,-86.02233939,,,,GPS Code (Pseudo Range) Standard Position (SA Off),WGS84,,,,,,,US,26,89,,,,,,,,,,STORET
11NPSWRD_WQX,GLKN,Great Lakes Network,National Park Service Water Resources Division,11NPSWRD_WQX-SLBE_02,SLBE,Florence Lake,Lake,"Sampling site is in the middle of the lake, slightly North of the boat launch. Go straight out from the boat launch and head North approximately 10 to 20 meters.",4060104,,,,,45.01069,-86.1202991,,,,GPS Code (Pseudo Range) Standard Position (SA Off),WGS84,,,,,,,US,26,89,,,,,,,,,,STORET
11NPSWRD_WQX,GLKN,Great Lakes Network,National Park Service Water Resources Division,11NPSWRD_WQX-SLBE_03,SLBE,Narada Lake,Lake,"This station is located in the northern end of the park, about 1 1/2 miles east of Port Oneida, and 1/2 mile due south of Shell Lake.",4060104,,,,,44.9360581,-85.90557924,,,,GPS Code (Pseudo Range) Standard Position (SA Off),NAD83,,,,,,,US,26,89,,,,,,,,,,STORET
11NPSWRD_WQX,GLKN,Great Lakes Network,National Park Service Water Resources Division,11NPSWRD_WQX-SLBE_04,SLBE,Shell Lake,Lake,"Sampling site is straight out and slightly left of the boat launch, toward middle of lake. Target location moved in 2021 to reflect actual survey area and likely z-max. Original site was at 44.9476, -85.90044143 but surveys were never done at this location.",4060104,,,,,44.94769385,-85.89942562,,,,GPS Code (Pseudo Range) Standard Position (SA Off),WGS84,,,,,,,US,26,89,,,,,,,,,,STORET
11NPSWRD_WQX,GLKN,Great Lakes Network,National Park Service Water Resources Division,11NPSWRD_WQX-SLBE_05,SLBE,Bass Lake,Lake,Sampling site is toward the middle of the south eastern portion of the lake.,4060104,,,,,44.92221,-85.88327555,,,,GPS Code (Pseudo Range) Standard Position (SA Off),WGS84,,,,,,,US,26,89,,,,,,,,,,STORET
11NPSWRD_WQX,GLKN,Great Lakes Network,National Park Service Water Resources Division,11NPSWRD_WQX-SLBE_07,SLBE,Otter Lake,Lake,Sampling site is approximately 100 meters straight out from the boat launch. Directly across from a cabin. Sampling site should make a 90 degree angle (approximately) with boat launch and cottage.,4060104,,,,,44.73989,-86.06052867,,,,GPS Code (Pseudo Range) Standard Position (SA Off),WGS84,,,,,,,US,26,19,,,,,,,,,,STORET
11NPSWRD_WQX,GLKN,Great Lakes Network,National Park Service Water Resources Division,11NPSWRD_WQX-SLBE_08,SLBE,Tucker Lake,Lake,Sampling site is straight out toward the middle of the lake and slightly left of the boat launch.,4060104,,,,,44.9042,-85.95320947,,,,GPS Code (Pseudo Range) Standard Position (SA Off),WGS84,,,,,,,US,26,89,,,,,,,,,,STORET
11NPSWRD_WQX,GLKN,Great Lakes Network,National Park Service Water Resources Division,11NPSWRD_WQX-SLBE_09,SLBE,North Bar,Lake,"Sampling site is straight out from boat launch, close to the beach on the opposite side of the lake. Target location moved in 2021 to reflect actual survey area and likely z-max. Original site was at 44.84354, -86.066608325 but this location may have been a typo as it was nearly on the beach.",4060104,,,,,44.84339382,-86.06594641,,,,GPS Code (Pseudo Range) Standard Position (SA Off),NAD83,,,,,,,US,26,89,,,,,,,,,,STORET
11NPSWRD_WQX,GLKN,Great Lakes Network,National Park Service Water Resources Division,11NPSWRD_WQX-SLBE_10,SLBE,Loon Lake,Lake,Sampling site is southwest of the boat launch. Go southwest toward the middle of the lake. Station is straight out from the only cabin and boat dock on Loon Lake.,4060104,,,,,44.70747,-86.12925073,,,,GPS Code (Pseudo Range) Standard Position (SA Off),WGS84,,,,,,,US,26,19,,,,,,,,,,STORET
11NPSWRD_WQX,GLKN,Great Lakes Network,National Park Service Water Resources Division,11NPSWRD_WQX-SLBE_11,SLBE,Round Lake,Lake,"Sampling site is toward the middle of the lake, slightly left of the boat launch.",4060104,,,,,44.69306,-86.18465829,,,,GPS Code (Pseudo Range) Standard Position (SA Off),NAD83,,,,,,,US,26,19,,,,,,,,,,STORET
11NPSWRD_WQX,GLKN,Great Lakes Network,National Park Service Water Resources Division,11NPSWRD_WQX-VOYA_01,VOYA,Locator Lake,Lake,"Station:  Located in the center of lake, north of long bay to the south.  A map with additional notes on Station Description is shown in Record #4 under the Pictures tab above.  Landmarks: 1. Middle of long bay to south is 210°, 2. Exposed rock on north side of lake is 30°, 3. Point towards canoe landing is 260°.  Images of landmark locations are shown in Record #'s 1 and 2 under the Pictures tab above.  Benchmark:  A benchmark was established and used as a reference point by which to measure lake water level.  A complete description of the benchmark location, including GPS coordinates (UTM NAD83 Zone 15N - 5376287.68 N, 499150.62 E) is shown in Record #'s 3 and 4 under the Pictures tab above.",9030003,,,,,48.54091482,-93.0038694,,,,GPS Code (Pseudo Range) Standard Position (SA Off),NAD83,,,,,,,US,27,137,,,,,,,,,,STORET
11NPSWRD_WQX,GLKN,Great Lakes Network,National Park Service Water Resources Division,11NPSWRD_WQX-VOYA_02,VOYA,War Club Lake,Lake,"Station:  A map with additional notes on Station Description is shown in Record #1 under the Pictures tab above.  Landmarks: 1. The entrance of the lake to the west 270 deg., 2. Nearest point with bedrock 290 deg., 3. Exposed rock face on south side of lake 240 deg.  Complete descriptions of landmark locations are shown in Record #'s 2 and 3 under the Pictures tab above.  Benchmark:  A benchmark was established and used as a reference point by which to measure lake water level.  A complete description of the benchmark location, including GPS coordinates (UTM NAD83 Zone 15N - 5376130.15 N, 500889.83 E) is shown in Record #'s 4 and 5 under the Pictures tab above.",9030003,,,,,48.53761834,-92.98383272,,,,GPS Code (Pseudo Range) Standard Position (SA Off),NAD83,,,,,,,US,27,137,,,,,,,,,,STORET
11NPSWRD_WQX,GLKN,Great Lakes Network,National Park Service Water Resources Division,11NPSWRD_WQX-VOYA_03,VOYA,Quill Lake,Lake,"Station:  The station is off the island; the depth was not as deep as indicated on DNR Map.  A map with additional notes on Station Description is shown in Record #1 under the Pictures tab above.  Landmarks:  1. Bay 50 deg., 2. East end of lake 100 deg., 3. Bay with wetland vegetation 250 deg. Complete descriptions of landmark locations are shown in Record #'s 2 and 3 under the Pictures tab above.  Benchmark:  A benchmark was established and used as a reference point by which to measure lake water level.  A complete description of the benchmark location, including GPS coordinates (UTM NAD83 Zone 15N - 5375539 N, 5203210 E) is shown in Record #4 under the Pictures tab above.",9030003,,,,,48.53244411,-92.95327086,,,,GPS Code (Pseudo Range) Standard Position (SA Off),NAD83,,,,,,,US,27,137,,,,,,,,,,STORET
11NPSWRD_WQX,GLKN,Great Lakes Network,National Park Service Water Resources Division,11NPSWRD_WQX-VOYA_04,VOYA,Loiten Lake,Lake,"Station:  A map with additional notes on Station Description is shown in Record #1 under the Pictures tab above.  Landmarks:  1. Small bay with wetland vegetation 48 deg., 2. Rock face 308 deg., 3. point 110 deg.  Complete descriptions of landmark locations are shown in Record #'s 2 and 3 under the Pictures tab above.  Benchmark:  A benchmark was established and used as a reference point by which to measure lake water level.  A complete description of the benchmark location, including GPS coordinates (UTM NAD83 Zone 15N - 5375047 N, 505215 E) is shown in Record #'s 4 and 5 under the Pictures tab above.",9030003,,,,,48.5275273,-92.92865283,,,,GPS Code (Pseudo Range) Standard Position (SA Off),NAD83,,,,,,,US,27,137,,,,,,,,,,STORET
11NPSWRD_WQX,GLKN,Great Lakes Network,National Park Service Water Resources Division,11NPSWRD_WQX-VOYA_05,VOYA,Shoepack Lake,Lake,"Station:  Sample site is in the southern arm of lake, between portage/sedge meadow and island.  Water is not as deep as recorded on DNR map.  A map with additional notes on Station Description is shown in Record #1 under the Pictures tab above.  Landmarks:  1. Rock face at 154°, 2. Rocks at 304°, 3. White rock point at 350°.  Images of landmark locations are shown in Record #'s 2 and 3 under the Pictures tab above.  Benchmark:  A benchmark was established and used as a reference point by which to measure lake water level.  A complete description of the benchmark location, including GPS coordinates (UTM NAD83 Zone 15N - 5371213.28 N, 508313.58 E) is shown in Record #'s 1, 4 and 5 under the Pictures tab above.",9030003,,,,,48.49837683,-92.88758918,,,,GPS Code (Pseudo Range) Standard Position (SA Off),NAD83,,,,,,,US,27,137,,,,,,,,,,STORET
11NPSWRD_WQX,GLKN,Great Lakes Network,National Park Service Water Resources Division,11NPSWRD_WQX-VOYA_06,VOYA,Little Shoepack Lake,Lake,"Station:  A map with additional notes on Station Description is shown in Record #1 under the Pictures tab above.  Landmarks:  1. One small rock at 110 deg. of the island,  2. The large rounded rock at end of lake at 306 deg. Complete descriptions of landmark locations are shown in Record #'s 2 and 3 under the Pictures tab above.  Benchmark:  A benchmark was established and used as a reference point by which to measure lake water level.  A complete description of the benchmark location, including GPS coordinates (UTM NAD83 Zone 15N - 5370472 N, 509595 E) is shown in Record #4 under the Pictures tab above.",9030003,,,,,48.49006724,-92.88129246,,,,GPS Code (Pseudo Range) Standard Position (SA Off),NAD83,,,,,,,US,27,137,,,,,,,,,,STORET
11NPSWRD_WQX,GLKN,Great Lakes Network,National Park Service Water Resources Division,11NPSWRD_WQX-VOYA_07,VOYA,Jorgens Lake,Lake,"Station:  Located in the middle of the lake northeast of campsite.  A map with additional notes on Station Description is shown in Record #1 under the Pictures tab above.  Landmarks:  1. North Rock at 0 deg., 2. Campsite 210 deg., 3. South rock 180 deg.  Complete descriptions of landmark locations are shown in Record #2 under the Pictures tab above.  Benchmarks:  A benchmark was established and used as a reference point by which to measure lake water level.  A complete description of the benchmark location, including GPS coordinates (UTM NAD83 Zone 15N - 5369999 N, 511024 E) is shown in Record #3 under the Pictures tab above.",9030001,,,,,48.48404024,-92.847975,,,,GPS Code (Pseudo Range) Standard Position (SA Off),NAD83,,,,,,,US,27,137,,,,,,,,,,STORET
11NPSWRD_WQX,GLKN,Great Lakes Network,National Park Service Water Resources Division,11NPSWRD_WQX-VOYA_08,VOYA,Quarter Line Lake,Lake,"Station:  The site is in the middle of the lake.  A map with additional notes on Station Description is shown in Record #1 under the Pictures tab above.  Landmarks:  1. To bedrock point to the NW, site is 320 deg., 2. To the point of spruce to the south, site is 150 deg., 3. To campsite is 260 deg.  Photos of landmarks not currently available.  Benchmarks:  A benchmark was established and used as a reference point by which to measure lake water level.  A complete description of the benchmark location, including GPS coordinates (UTM NAD83 Zone 15N - 5396242 N, 511183 E) is shown in Record #'s 2 and 3 under the Pictures tab above.",9030001,,,,,48.47683446,-92.84521021,,,,GPS Code (Pseudo Range) Standard Position (SA Off),NAD83,,,,,,,US,27,137,,,,,,,,,,STORET
11NPSWRD_WQX,GLKN,Great Lakes Network,National Park Service Water Resources Division,11NPSWRD_WQX-VOYA_09,VOYA,Ek Lake,Lake,"Station:  Sample site is basically in center of lake.  A map with additional notes on Station Description is shown in Record #1 under the Pictures tab above.  Landmarks:  1. Canoe landing is 125°, 2. Rock island is 250°, 3. Point across from white rock is 320°.  Images of landmark locations are shown in Record #'s 2 and 3 under the Pictures tab above.  Benchmark:  A benchmark was established and used as a reference point by which to measure lake water level.  A complete description of the benchmark location, including GPS coordinates (UTM NAD83 Zone 15N - 5368438 N, 511999 E) is shown in Record #'s 1, 4 and 5 under the Pictures tab above.",9030001,,,,,48.47005256,-92.83550273,,,,GPS Code (Pseudo Range) Standard Position (SA Off),NAD83,,,,,,,US,27,137,,,,,,,,,,STORET
11NPSWRD_WQX,GLKN,Great Lakes Network,National Park Service Water Resources Division,11NPSWRD_WQX-VOYA_10,VOYA,Agnes Lake,Lake,"Station:  The site is in the middle of the lake.  A map with additional notes on Station Description is shown in Record #1 under the Pictures tab above.  Landmarks:  1. From point with lighter colored rock, site is 235 deg., 2. From tall Gray bedrock point in marsh, site is 340deg., 3. From point in center of outlet, site is 85 deg.  Photos of landmarks not currently available.  Benchmarks:  A benchmark was established and used as a reference point by which to measure lake water level.  A complete description of the benchmark location, including GPS coordinates (UTM NAD83 Zone 15N - 5368392 N, 513742 E) is shown in Record #2 under the Pictures tab above.",9030001,,,,,48.46774893,-92.81157594,,,,GPS Code (Pseudo Range) Standard Position (SA Off),NAD83,,,,,,,US,27,137,,,,,,,,,,STORET
11NPSWRD_WQX,GLKN,Great Lakes Network,National Park Service Water Resources Division,11NPSWRD_WQX-VOYA_11,VOYA,Oslo Lake,Lake,"Station:  The site is in the middle of the eastern half of the lake.  A map with additional notes on Station Description is shown in Record #1 under the Pictures tab above.  Landmarks:  1. Rock on North side of lake 0 deg., 2. Point on West side of Lake ( Large Pine Growth) 270 deg., 3. Rock outcrop on south shore 200 deg.  Complete descriptions of landmark locations are shown in Record #'s 2 and 3 under the Pictures tab above.  Benchmarks:  A benchmark was established and used as a reference point by which to measure lake water level.  A complete description of the benchmark location, including GPS coordinates (UTM NAD83 Zone 15N - 5373924 N, 514520 E) is shown in Record #'s 4 and 5 under the Pictures tab above.",9030003,,,,,48.51684745,-92.80659088,,,,GPS Code (Pseudo Range) Standard Position (SA Off),NAD83,,,,,,,US,27,137,,,,,,,,,,STORET
11NPSWRD_WQX,GLKN,Great Lakes Network,National Park Service Water Resources Division,11NPSWRD_WQX-VOYA_12,VOYA,Brown Lake,Lake,"Station:  Sample site is in southern half of the northwestern section of lake; northeast of southwestern bay with sedge meadow and beaver lodge.  A map with additional notes on Station Description is shown in Record #1 under the Pictures tab above.  Landmarks:  1. Canoe landing on NW shore 340°, 2. Point south of Sample Site 180°, 3. Point on north side of bay to the west 300°.  Images of landmark locations are shown in Record #'s 2 and 3 under the Pictures tab above.  Benchmark:  A benchmark was established and used as a reference point by which to measure lake water level.  A complete description of the benchmark location, including GPS coordinates (UTM NAD83 Zone 15N - 5374152 N, 514820 E) is shown in Record #'s 1, 4 and 5 under the Pictures tab above.",9030003,,,,,48.51635071,-92.79640501,,,,GPS Code (Pseudo Range) Standard Position (SA Off),NAD83,,,,,,,US,27,137,,,,,,,,,,STORET
11NPSWRD_WQX,GLKN,Great Lakes Network,National Park Service Water Resources Division,11NPSWRD_WQX-VOYA_13,VOYA,Fishmouth Lake,Lake,"Station:  Sample site is in the middle of the lake.  A map with additional notes on Station Description is shown in Record #1 under the Pictures tab above.  Landmarks:  Landmarks were noted at 330 deg., 260 deg., and 160 deg. But were not described or photographed.  See Record #1 under the Pictures tab for location of landmarks.  Photos of landmarks not currently available.  Benchmark:  A benchmark was established and used as a reference point by which to measure lake water level.  GPS coordinates for the benchmark are 5375092 N, 516372 E (UTM NAD83 Zone 15N).  Photos of benchmark not currently available.  See Travel Directions below for directions to benchmark.",9030003,,,,,48.52772782,-92.78154571,,,,GPS Code (Pseudo Range) Standard Position (SA Off),NAD83,,,,,,,US,27,137,,,,,,,,,,STORET
11NPSWRD_WQX,GLKN,Great Lakes Network,National Park Service Water Resources Division,11NPSWRD_WQX-VOYA_14,VOYA,Peary Lake,Lake,"Station:  Sample site is in hole directly south of island, between island and south shore.  A map with additional notes on Station Description is shown in Record #1 under the Pictures tab above.  Landmarks:  1. Large rock point at 38°, 2. Rock island at 95°, 3. Low-lying rock point at 180°.  Images of landmark locations are shown in Record #'s 2 and 3 under the Pictures tab above.  Benchmark:  A benchmark was established and used as a reference point by which to measure lake water level.  A complete description of the benchmark location, including GPS coordinates (UTM NAD83 Zone 15N - 5374943.47 N, 517228.02 E) is shown in Record #1,4 and 5 under the Pictures tab above.",9030003,,,,,48.52479679,-92.77154631,,,,GPS Code (Pseudo Range) Standard Position (SA Off),NAD83,,,,,,,US,27,137,,,,,,,,,,STORET
11NPSWRD_WQX,GLKN,Great Lakes Network,National Park Service Water Resources Division,11NPSWRD_WQX-VOYA_15,VOYA,Beast Lake,Lake,"Station:  Sample site is in in the middle of the lake, east of the easternmost island.  A map with additional notes on Station Description is shown in Record #1 under the Pictures tab above.  Landmarks:  1. Bright white rock 149 deg., 2. Point on side of west island 294 deg., 3. South shore southeast of big island; tallest bald rock 220 deg.  Complete descriptions of landmark locations are shown in Record #'s 2 and 3 under the Pictures tab above.  Benchmark:  A benchmark was established and used as a reference point by which to measure lake water level.  A complete description of the benchmark location, including GPS coordinates (UTM NAD83 Zone 15N - 5372675.12 N, 517833.56 E) is shown in Record #'s 4 and 5 under the Pictures tab above.",9030001,,,,,48.50823074,-92.75953903,,,,GPS Code (Pseudo Range) Standard Position (SA Off),NAD83,,,,,,,US,27,137,,,,,,,,,,STORET
11NPSWRD_WQX,GLKN,Great Lakes Network,National Park Service Water Resources Division,11NPSWRD_WQX-VOYA_16,VOYA,Cruiser Lake,Lake,"Station:  Sample site is in the middle of the western quarter of the lake.  A map with additional notes on Station Description is shown in Record #1 under the Pictures tab above. Original target station (48.4995075172407, -92.8120076500034) was moved in 2021 based on actual survey locations and known z-max based on the bathymetric map.  Landmarks:  1. Large single rock (bathy map indicates 0' water depth) at  110°, 2. Point with rocks, east of small northern bay at 60°, 3. Large rock point, south side of small western bay at 305°.  Images of landmark locations are shown in Record #'s 2 and 3 under the Pictures tab above.  Benchmark:  A benchmark was established and used as a reference point by which to measure lake water level.  A complete description of the benchmark location, including GPS coordinates (UTM NAD83 Zone 15N - 5371808.33 N, 514602.35 E) is shown in Record #'s 1, 4 and 5 under the Pictures tab above.",9030001,,,,,48.49888953,-92.8131399,,,,GPS Code (Pseudo Range) Standard Position (SA Off),NAD83,,,,,,,US,27,137,,,,,,,,,,STORET
11NPSWRD_WQX,GLKN,Great Lakes Network,National Park Service Water Resources Division,11NPSWRD_WQX-VOYA_17,VOYA,Ryan Lake,Lake,"Station:  Sample site is between campground and point on western shore and located in the western third of this area.  A map with additional notes on Station Description is shown in Record #1 under the Pictures tab above.  Landmarks:  1. Campsite at 134°, 2. Southwest point at 194°, 3. East northeast point at 46°.  Images of landmark locations are shown in Record #'s 2 and 3 under the Pictures tab above.  Benchmark:  A benchmark was established and used as a reference point by which to measure lake water level.  A complete description of the benchmark location, including GPS coordinates (UTM NAD83 Zone 15N - 5374046.18 N, 521711.67 E) is shown in Record #1, 4 and 5 under the Pictures tab above.",9030003,,,,,48.51881597,-92.70735632,,,,GPS Code (Pseudo Range) Standard Position (SA Off),NAD83,,,,,,,US,27,137,,,,,,,,,,STORET
11NPSWRD_WQX,GLKN,Great Lakes Network,National Park Service Water Resources Division,11NPSWRD_WQX-VOYA_18,VOYA,Net Lake,Lake,"Station:  Sample site is at the south end of the lake in the middle of the large pool.  A map with additional notes on Station Description is shown in Record #1 under the Pictures tab above.  Landmarks:  1. Left rock of bunch 35 deg., 2. Flat rock face 80 deg., 3. Middle of long rock w/watermark 270 deg.  Complete descriptions of landmark locations are shown in Record #'s 2 and 3 under the Pictures tab above.  Benchmark:  A benchmark was established and used as a reference point by which to measure lake water level.  A complete description of the benchmark location, including GPS coordinates (UTM NAD83 Zone 15N - 5361081 N, 524621 E) is shown in Record # 4 under the Pictures tab above.",9030001,,,,,48.39550795,-92.65660492,,,,GPS Code (Pseudo Range) Standard Position (SA Off),NAD83,,,,,,,US,27,137,,,,,,,,,,STORET
11NPSWRD_WQX,GLKN,Great Lakes Network,National Park Service Water Resources Division,11NPSWRD_WQX-VOYA_19,VOYA,Tooth Lake,Lake,"Station:  Sample site is near the middle of the lake.  A map with additional notes on Station Description is shown in Record #1 under the Pictures tab above.  Landmarks:  1. Rock across from little bay 103 deg., 2. Directly off point 135 deg., 3. Rocks off meadow/clearing where canoe is stored 300 deg.  Complete descriptions of landmark locations are shown in Record #'s 2 and 3 under the Pictures tab above.  Benchmark:  A benchmark was established and used as a reference point by which to measure lake water level.  A complete description of the benchmark location, including GPS coordinates (UTM NAD83 Zone 15N - 5360734 N, 526194 E) is shown in Record # 4 under the Pictures tab above.",9030001,,,,,48.39856671,-92.64328298,,,,GPS Code (Pseudo Range) Standard Position (SA Off),NAD83,,,,,,,US,27,137,,,,,,,,,,STORET
11NPSWRD_WQX,GLKN,Great Lakes Network,National Park Service Water Resources Division,11NPSWRD_WQX-VOYA_20,VOYA,O'Leary Lake,Lake,"Station:  A map with additional notes on Station Description is shown in Record #1 under the Pictures tab above.  Landmarks:  1. North end of rock face jus south of lake outlet 8 deg., 2. Middle of rock in NW part of the lake 288 deg., 3. Rock face on west side of lake 192 deg.  Complete descriptions of landmark locations are shown in Record #'s 2 and 3 under the Pictures tab above.  Benchmark:  A benchmark was established and used as a reference point by which to measure lake water level.  A complete description of the benchmark location, including GPS coordinates (UTM NAD83 Zone 15N - 5362816.39 N, 534882.00 E) is shown in Record # 4 under the Pictures tab above.",9030001,,,,,48.41597226,-92.53250602,,,,GPS Code (Pseudo Range) Standard Position (SA Off),NAD83,,,,,,,US,27,137,,,,,,,,,,STORET
11NPSWRD_WQX,GLKN,Great Lakes Network,National Park Service Water Resources Division,11NPSWRD_WQX-VOYA_21,VOYA,Little Trout Lake,Lake,"Station:  Sample site is between largest point on northwest shore and the cabin; it is one-quarter of the way from the point and three-quarters from the cabin.  A map with additional notes on Station Description is shown in Record #1 under the Pictures tab above.  Landmarks:  1. Point at 265°, 2. Landing at 225°, 3. Slanted rock to the north of big whale rock and cabin at 56°.  Images of landmark locations are shown in Records #2 and 3 under the Pictures tab above.  Benchmark:  A benchmark was established and used as a reference point by which to measure lake water level.  A complete description of the benchmark location, including GPS coordinates (UTM NAD83 Zone 15N - 5360098.97 N, 534810.68 E) is shown in Records #1, 4 and 5 under the Pictures tab above.",9030001,,,,,48.39794469,-92.5252564,,,,GPS Code (Pseudo Range) Standard Position (SA Off),NAD83,,,,,,,US,27,137,,,,,,,,,,STORET
11NPSWRD_WQX,GLKN,Great Lakes Network,National Park Service Water Resources Division,11NPSWRD_WQX-VOYA_22,VOYA,Mukooda Lake,Lake,"Station:  Site is in the middle of the lake.  A map with additional notes on Station Description is shown in Record #1 under the Pictures tab above.  Landmarks:  1. Cairn on west side of lake 230 deg., 2. Rock at 265 deg., 3. Rock face 354 deg. Complete descriptions of landmark locations are shown in Record #'s 2 and 3 under the Pictures tab above.  Benchmark:  A benchmark was established and used as a reference point by which to measure lake water level.  A complete description of the benchmark location, including GPS coordinates (UTM NAD83 Zone 15N - 5353653.85 N, 538644.81 E) is shown in Record # 4 under the Pictures tab above.",9030001,,,,,48.33403847,-92.48668335,,,,GPS Code (Pseudo Range) Standard Position (SA Off),NAD83,,,,,,,US,27,137,,,,,,,,,,STORET
11NPSWRD_WQX,GLKN,Great Lakes Network,National Park Service Water Resources Division,11NPSWRD_WQX-VOYA_23,VOYA,Lucille Lake,Lake,,9030001,,,,,48.37846,-92.58403316,,,,GPS Code (Pseudo Range) Standard Position (SA Off),NAD83,,,,,,,US,27,137,,,,,,,,,,STORET
11NPSWRD_WQX,GLKN,Great Lakes Network,National Park Service Water Resources Division,11NPSWRD_WQX-VOYA_24,VOYA,McDivitt Lake,Lake,,9030003,,,,,48.51402,-92.74048441,,,,GPS Code (Pseudo Range) Standard Position (SA Off),NAD83,,,,,,,US,27,137,,,,,,,,,,STORET
11NPSWRD_WQX,GLKN,Great Lakes Network,National Park Service Water Resources Division,11NPSWRD_WQX-VOYA_25,VOYA,Weir Lake,Lake,,9030001,,,,,48.49696,-92.74482188,,,,GPS Code (Pseudo Range) Standard Position (SA Off),NAD83,,,,,,,US,27,137,,,,,,,,,,STORET
11NPSWRD_WQX,GLKN,Great Lakes Network,National Park Service Water Resources Division,11NPSWRD_WQX-SACN_NAKA_84.6,SACN,Leonards,RiverStream,,,,,,,46.17112929,-91.33019707,,,,,NAD83,,,,,,,,,,,,,,,,,,,
11NPSWRD_WQX,GLKN,Great Lakes Network,National Park Service Water Resources Division,11NPSWRD_WQX-SACN_NAKA_41.3,SACN,Earl,RiverStream,,,,,,,45.91588113,-91.76418,,,,,NAD83,,,,,,,,,,,,,,,,,,,
11NPSWRD_WQX,GLKN,Great Lakes Network,National Park Service Water Resources Division,11NPSWRD_WQX-SACN_NAKA_4.8,SACN,Nam Tr.,RiverStream,,,,,,,46.08369,-92.11379,,,,,NAD83,,,,,,,,,,,,,,,,,,,
11NPSWRD_WQX,GLKN,Great Lakes Network,National Park Service Water Resources Division,11NPSWRD_WQX-SACN_STCR_138.9,SACN,CCC,RiverStream,,,,,,,46.11655,-92.13181,,,,,NAD83,,,,,,,,,,,,,,,,,,,
11NPSWRD_WQX,GLKN,Great Lakes Network,National Park Service Water Resources Division,11NPSWRD_WQX-SACN_STCR_104.0,SACN,Norway Pt.,RiverStream,,,,,,,45.92586098,-92.63865,,,,,NAD83,,,,,,,,,,,,,,,,,,,
11NPSWRD_WQX,GLKN,Great Lakes Network,National Park Service Water Resources Division,11NPSWRD_WQX-SACN_STCR_89.7,SACN,Hwy 70,RiverStream,,,,,,,45.77404,-92.78062,,,,,NAD83,,,,,,,,,,,,,,,,,,,
11NPSWRD_WQX,GLKN,Great Lakes Network,National Park Service Water Resources Division,11NPSWRD_WQX-SACN_STCR_63.8,SACN,Nevers,RiverStream,,,,,,,45.55576,-92.75213,,,,,NAD83,,,,,,,,,,,,,,,,,,,
11NPSWRD_WQX,GLKN,Great Lakes Network,National Park Service Water Resources Division,11NPSWRD_WQX-SACN_STCR_43.7,SACN,Osceola,RiverStream,,,,,,,45.30257256,-92.73470132,,,,,NAD83,,,,,,,,,,,,,,,,,,,
11NPSWRD_WQX,GLKN,Great Lakes Network,National Park Service Water Resources Division,11NPSWRD_WQX-SACN_STCR_20.0,SACN,Bayport,Lake,,,,,,,45.01838386,-92.76500353,,,,,NAD83,,,,,,,,,,,,,,,,,,,
11NPSWRD_WQX,GLKN,Great Lakes Network,National Park Service Water Resources Division,11NPSWRD_WQX-SACN_STCR_15.8,SACN,Hudson,Lake,,,,,,,44.95902658,-92.76014336,,,,,NAD83,,,,,,,,,,,,,,,,,,,
11NPSWRD_WQX,GLKN,Great Lakes Network,National Park Service Water Resources Division,11NPSWRD_WQX-SACN_STCR_2.0,SACN,Prescott,Lake,,,,,,,44.76971626,-92.80502745,,,,,NAD83,,,,,,,,,,,,,,,,,,,
