,Park,MonitoringLocationIdentifier,int,MonitoringLocationName,LatitudeMeasure,LongitudeMeasure,DrainageAreaMeasure.MeasureValue,DrainageAreaMeasure.MeasureUnitCode,start_date,end_date,Park_name,NetworkCode,NetworkName
925,MISS,0533158010,s_0533158010,"MISSISSIPPI RIVER BELOW CLAY ST. AT HASTINGS, MN",44.7472222,-92.8372222,NA,,--,--,Mississippi National River and Recreation Area,GLKN,Great Lakes Network
1597,VOYA,0512928540,s_0512928540,TRIBUTARY TO PEARY LAKE IN VOYAGEURS NATIONAL PARK,48.5229616,-92.7757053,NA,,--,--,Voyageurs National Park,GLKN,Great Lakes Network
1596,VOYA,0512928530,s_0512928530,TRIBUTARY TO BROWN LAKE IN VOYAGEURS NATIONAL PARK,48.51546246,-92.8004275,NA,,--,--,Voyageurs National Park,GLKN,Great Lakes Network
1595,VOYA,0512928520,s_0512928520,TRIBUTARY TO RYAN LAKE IN VOYAGEURS NATIONAL PARK,48.5146274,-92.705984,NA,,--,--,Voyageurs National Park,GLKN,Great Lakes Network
1486,SLBE,0412680157,s_0412680157,"CRYSTAL RIVER 1.3 MI BELOW DAM NR GLEN ARBOR, MI",44.8983333,-85.9625,NA,,--,--,Sleeping Bear Dunes National Lakeshore,GLKN,Great Lakes Network
663,GRSM,0351086850,s_0351086850,"STRAIGHT FORK AB STILLWELL CREEK NR SMOKEMONT, NC",35.5790111,-83.2421194,20,sq mi,--,--,Great Smoky Mountains National Park,APHN,Appalachian Highlands Network
662,GRSM,0351081510,s_0351081510,"OCONALUFTEE RIVER AB RAVEN FORK AT RAVENSFORD, NC",35.5141111,-83.3059806,52,sq mi,--,--,Great Smoky Mountains National Park,APHN,Appalachian Highlands Network
674,GRSM,0346960785,s_0346960785,"COVE CREEK TRIB 14 AT WEAR VALLEY, TN",35.71884167,-83.6422167,0,,,,Great Smoky Mountains National Park,APHN,Appalachian Highlands Network
697,GRSM,0346960770,s_0346960770,"COVE CREEK TRIB 12 AT WEAR VALLEY, TN",35.7171222,-83.6438583,0,,,,Great Smoky Mountains National Park,APHN,Appalachian Highlands Network
691,GRSM,0346960752,s_0346960752,COVE SPRING HOLLOW NEAR COUNTY ROAD,35.7104472,-83.6404361,0,,,,Great Smoky Mountains National Park,APHN,Appalachian Highlands Network
658,GRSM,0346960750,s_0346960750,COVE SPRING HOLLOW AT KATY HOLLAR RD,35.7039583,-83.6298111,0,,,,Great Smoky Mountains National Park,APHN,Appalachian Highlands Network
164,BLRI,0345638607,s_0345638607,"UNNMD TRIB TO PISGAH CR AT FLAT LAUREL GAP, NC",35.4053876,-82.7562396,0,,9/26/2002,4/29/2003,Blue Ridge Parkway,APHN,Appalachian Highlands Network
163,BLRI,0205599760,s_0205599760,"ROANOKE RIVER TRIB1 AT MOUTH AT NIAGARA, VA",37.25291624,-79.873092,0,,--,--,Blue Ridge Parkway,APHN,Appalachian Highlands Network
169,BLRI,0205599740,s_0205599740,"ROANOKE RIVER TRIB1 TO TRIB1 AT NIAGARA, VA",37.2504163,-79.8722586,0,,--,--,Blue Ridge Parkway,APHN,Appalachian Highlands Network
166,BLRI,0205599710,s_0205599710,"ROANOKE RIVER TRIB1 BELOW RT 618 AT NIAGARA, VA",37.2493052,-79.874203,0,,--,--,Blue Ridge Parkway,APHN,Appalachian Highlands Network
1489,SLBE,41268025,s_41268025,"CRYSTAL RIVER .45 MI BLW 675 NR GLEN ARBOR, MI",44.90388889,-85.9658333,NA,,--,--,Sleeping Bear Dunes National Lakeshore,GLKN,Great Lakes Network
1484,SLBE,41268022,s_41268022,"CRYSTAL RIVER .17 MI BLW 675 NR GLEN ARBOR, MI",44.90527778,-85.9641667,NA,,--,--,Sleeping Bear Dunes National Lakeshore,GLKN,Great Lakes Network
1477,SLBE,41268019,s_41268019,"CRYSTAL RIVER BELOW DAM NR GLEN ARBOR, MI(BLW RP5)",44.90166247,-85.962869,NA,,--,--,Sleeping Bear Dunes National Lakeshore,GLKN,Great Lakes Network
1481,SLBE,41268017,s_41268017,"CRYSTAL RIVER NEAR GLEN ARBOR, MI (ABV RP5)",44.8999958,-85.9634246,NA,,,,Sleeping Bear Dunes National Lakeshore,GLKN,Great Lakes Network
1473,SLBE,41268016,s_41268016,"CRYSTAL RIVER 1.4 MI BELOW DAM NR GLEN ARBOR, MI",44.8983333,-85.9633333,NA,,--,--,Sleeping Bear Dunes National Lakeshore,GLKN,Great Lakes Network
1485,SLBE,41268015,s_41268015,"CRYSTAL RIVER 1.1 MI BELOW DAM NR GLEN ARBOR, MI",44.9,-85.96138889,NA,,--,--,Sleeping Bear Dunes National Lakeshore,GLKN,Great Lakes Network
1480,SLBE,41268014,s_41268014,"CRYSTAL RIVER BELOW DAM NR GLEN ARBOR, MI (DS RP3)",44.89999587,-85.9606467,NA,,--,--,Sleeping Bear Dunes National Lakeshore,GLKN,Great Lakes Network
1475,SLBE,41268013,s_41268013,"CRYSTAL RIVER .8 MI BELOW DAM NR GLEN ARBOR, MI",44.8972222,-85.9611111,NA,,--,--,Sleeping Bear Dunes National Lakeshore,GLKN,Great Lakes Network
1482,SLBE,41268012,s_41268012,"CRYSTAL RIVER BELOW DAM NR GLEN ARBOR, MI (AT RP2)",44.89944035,-85.9592578,NA,,--,--,Sleeping Bear Dunes National Lakeshore,GLKN,Great Lakes Network
1490,SLBE,41268011,s_41268011,"CRYSTAL RIVER .2 MI BELOW DAM NR GLEN ARBOR, MI",44.90138889,-85.9580556,NA,,--,--,Sleeping Bear Dunes National Lakeshore,GLKN,Great Lakes Network
1472,SLBE,41268001,s_41268001,"CRYSTAL RIVER ABOVE DAM NR GLEN ARBOR, MI",44.9,-85.955,NA,,--,--,Sleeping Bear Dunes National Lakeshore,GLKN,Great Lakes Network
48,APIS,40262188,s_40262188,OAK ISLAND STREAM 1,46.91604389,-90.7135186,0,,--,--,Apostle Islands National Lakeshore,GLKN,Great Lakes Network
659,GRSM,35180910,s_35180910,"ABRAMS CK AT SPARKS LANE NR CADES COVE, TN",35.6040611,-83.794,NA,,--,--,Great Smoky Mountains National Park,APHN,Appalachian Highlands Network
638,GRSM,34611998,s_34611998,"COSBY CREEK NEAR CATONS GROVE, TN",35.78315238,-83.218208,10,sq mi,--,--,Great Smoky Mountains National Park,APHN,Appalachian Highlands Network
621,GRSM,34611996,s_34611996,"CRYING CREEK ABOVE COSBY, TN",35.7817635,-83.216819,3,sq mi,--,--,Great Smoky Mountains National Park,APHN,Appalachian Highlands Network
1679,YELL,13046700,s_13046700,FALLS RIVER AT SOUTH BOUNDARY YELLOWSTONE NP,44.1332576,-111.0174406,NA,,,,Yellowstone National Park,GRYN,Greater Yellowstone Network
1678,YELL,13046690,s_13046690,"BECHLER R AT MOUTH, NR BECHLER RANGER STN, YNP",44.1493695,-110.9999398,NA,,--,--,Yellowstone National Park,GRYN,Greater Yellowstone Network
1748,YELL,13046685,s_13046685,"BECHLER RIVER NR MOUTH, NR CAVE FALLS, YNP",44.16388889,-110.9994444,NA,,,,Yellowstone National Park,GRYN,Greater Yellowstone Network
1676,YELL,13046680,s_13046680,BOUNDARY CREEK NR BECHLER RANGER STATION Y.N.P. WY,44.18527778,-111.0077778,87,sq mi,8/16/1984,6/10/2004,Yellowstone National Park,GRYN,Greater Yellowstone Network
1675,YELL,13046675,s_13046675,BOUNDARY CREEK IN UPPER BECHLER MEADOWS YNP,44.2068696,-111.0118841,NA,,,,Yellowstone National Park,GRYN,Greater Yellowstone Network
1729,YELL,13046665,s_13046665,BOUNDARY CREEK AT OLD PATROL CABIN SITE YNP,44.22825848,-111.018273,NA,,,,Yellowstone National Park,GRYN,Greater Yellowstone Network
1673,YELL,13046660,s_13046660,BOUNDARY CREEK ABOVE SILVER SCARF CREEK YNP,44.2460361,-111.0268844,NA,,,,Yellowstone National Park,GRYN,Greater Yellowstone Network
1727,YELL,13046655,s_13046655,SILVER SCARP THERMAL AREA MAIN TRIB. NO. 10,44.2663142,-111.0246618,NA,,,,Yellowstone National Park,GRYN,Greater Yellowstone Network
1671,YELL,13046651,s_13046651,BOUNDARY CREEK TRIBUTARY NO. 8 NR BECHLER R.S.,44.27548078,-111.0310509,NA,,,,Yellowstone National Park,GRYN,Greater Yellowstone Network
1738,YELL,13046648,s_13046648,BOUNDARY CREEK TRIBUTARY NO. 7 NR BECHLER R.S.,44.2757585,-111.032162,NA,,,,Yellowstone National Park,GRYN,Greater Yellowstone Network
1669,YELL,13046645,s_13046645,BOUNDARY CREEK TRIBUTARY NO. 6 NR BECHLER R.S.,44.2768696,-111.0324398,NA,,,,Yellowstone National Park,GRYN,Greater Yellowstone Network
1668,YELL,13046643,s_13046643,BOUNDARY CREEK TRIBUTARY NO. 5.5 NR BECHLER R.S.,44.27686965,-111.032162,NA,,,,Yellowstone National Park,GRYN,Greater Yellowstone Network
1680,YELL,13046642,s_13046642,BOUNDARY CREEK TRIBUTARY NO. 5 NR BECHLER R.S.,44.27742517,-111.033551,NA,,,,Yellowstone National Park,GRYN,Greater Yellowstone Network
1734,YELL,13046640,s_13046640,BOUNDARY CR BL UPPER THERMAL AREA NR BECHLER R.S.,44.2977028,-111.04494,NA,,,,Yellowstone National Park,GRYN,Greater Yellowstone Network
1665,YELL,13046639,s_13046639,BOUNDARY CREEK TRIBUTARY NO 4 NR BECHLER R.S.,44.30020289,-111.0441067,NA,,,,Yellowstone National Park,GRYN,Greater Yellowstone Network
1677,YELL,13046636,s_13046636,BOUNDARY CREEK TRIBUTARY NO 2 NR BECHLER R.S.,44.30048068,-111.0438289,NA,,,,Yellowstone National Park,GRYN,Greater Yellowstone Network
1663,YELL,13046633,s_13046633,BOUNDARY CREEK TRIBUTARY NO 3 NR BECHLER R.S.,44.30020295,-111.0418844,NA,,,,Yellowstone National Park,GRYN,Greater Yellowstone Network
1702,YELL,13046630,s_13046630,BOUNDARY CREEK TRIBUTARY NO. 1 NR BECHLER R.S.,44.30186968,-111.0404954,NA,,,,Yellowstone National Park,GRYN,Greater Yellowstone Network
1688,YELL,13046603,s_13046603,BECHLER RIVER TRIBUTARY NR  BECHLER R.S. YNP WY,44.2179813,-110.9968835,NA,,,,Yellowstone National Park,GRYN,Greater Yellowstone Network
1700,YELL,13046600,s_13046600,BECHLER RIVER AB OUZEL CR. YELLOWSTONE NATL PARK,44.22659337,-110.9741052,NA,,,,Yellowstone National Park,GRYN,Greater Yellowstone Network
1699,YELL,13046530,s_13046530,FALLS RIVER AB BECHLER RIVER NR BECHLER R.S.YNP,44.1490919,-110.995773,NA,,,,Yellowstone National Park,GRYN,Greater Yellowstone Network
1698,YELL,13046525,s_13046525,MOUNTIAN ASH CREEK AT MOUTH NR BECHLER R.S. YNP,44.1482601,-110.9577166,NA,,,,Yellowstone National Park,GRYN,Greater Yellowstone Network
1697,YELL,13046520,s_13046520,MOUNTAIN ASH CR AB PROPOSITION C NR BECHLER R.S.,44.1749293,-110.8991039,NA,,,,Yellowstone National Park,GRYN,Greater Yellowstone Network
1723,YELL,13046518,s_13046518,FALLS RIVER AB MOUNTAIN ASH CR NR BECHLER R.S.,44.14770456,-110.9579944,NA,,,,Yellowstone National Park,GRYN,Greater Yellowstone Network
1695,YELL,13046516,s_13046516,CALF CREEK AT MOUTH NR BECHLER R.S. YNP WY,44.14020568,-110.9299383,NA,,,,Yellowstone National Park,GRYN,Greater Yellowstone Network
1667,YELL,13046513,s_13046513,FALLS RIVER AB CALF CR NR BECHLER R.S. YNP,44.1390945,-110.9304939,NA,,,,Yellowstone National Park,GRYN,Greater Yellowstone Network
1666,YELL,13044525,s_13044525,LITTLE ROBINSON CREEK AT MOUTH NR ASHTON ID,44.19075598,-111.0813313,NA,,,,Yellowstone National Park,GRYN,Greater Yellowstone Network
1652,YELL,13044520,s_13044520,ROBINSON CREEK AB LITTLE ROBINSON CR NR ASHTON ID,44.1910337,-111.0827202,NA,,,,Yellowstone National Park,GRYN,Greater Yellowstone Network
1664,YELL,13044510,s_13044510,ROBINSON CREEK TRIBUTARY NR ASHTON ID,44.2504792,-111.0704972,NA,,,,Yellowstone National Park,GRYN,Greater Yellowstone Network
711,GRTE,13016315,s_13016315,"GRANITE CR SUPPLEMENTAL BEL LAKE CR, NR MOOSE, WY",43.60604077,-110.7907659,NA,,--,--,Grand Teton National Park,GRYN,Greater Yellowstone Network
723,GRTE,13016310,s_13016310,"GRANITE CR SUPPLEMENTAL AB LAKE CR, NR MOOSE, WY",43.61909695,-110.7749324,NA,,--,--,Grand Teton National Park,GRYN,Greater Yellowstone Network
709,GRTE,13016305,s_13016305,"GRANITE C AB GRANITE C SUPPLEMENTAL, NR MOOSE, WY",43.60316667,-110.8058333,15,sq mi,7/9/1995,6/13/2022,Grand Teton National Park,GRYN,Greater Yellowstone Network
708,GRTE,13016300,s_13016300,GRANITE CANYON OUTLET NR WILSON WY,43.6165956,-110.8174337,NA,,,,Grand Teton National Park,GRYN,Greater Yellowstone Network
707,GRTE,13016240,s_13016240,"LAKE CR BEL GRANITE CR SUPPLEMENTAL, NR MOOSE, WY",43.61354119,-110.7796546,22,sq mi,7/12/1995,6/8/2010,Grand Teton National Park,GRYN,Greater Yellowstone Network
706,GRTE,13016200,s_13016200,PHELPS LAKE OUTLET NR WILSON WY,43.6332632,-110.7924333,NA,,,,Grand Teton National Park,GRYN,Greater Yellowstone Network
705,GRTE,13015900,s_13015900,WARM SP. AT WARM SPR RANCH,43.5446526,-110.7421514,NA,,--,--,Grand Teton National Park,GRYN,Greater Yellowstone Network
743,GRTE,13014700,s_13014700,GROS VENTRE RIVER NR JACKSON WY,43.59993219,-110.7007624,NA,,,,Grand Teton National Park,GRYN,Greater Yellowstone Network
716,GRTE,13014500,s_13014500,"GROS VENTRE RIVER AT KELLY, WY",43.62088889,-110.6230556,622,sq mi,6/16/1918,6/13/2022,Grand Teton National Park,GRYN,Greater Yellowstone Network
702,GRTE,13014440,s_13014440,GROS VENTRE RIVER AT NPS BOUNDARY NR KELLY WY,43.64027778,-110.5838889,NA,,--,--,Grand Teton National Park,GRYN,Greater Yellowstone Network
701,GRTE,13013800,s_13013800,"STEWART DRAW NEAR MOOSE, GTNP, WY",43.6404863,-110.766877,NA,,--,--,Grand Teton National Park,GRYN,Greater Yellowstone Network
740,GRTE,13013700,s_13013700,RESERVE CREEK NR MOOSE WY,43.63326415,-110.7632657,NA,,,,Grand Teton National Park,GRYN,Greater Yellowstone Network
739,GRTE,13013690,s_13013690,SPR. NR MOOSE 43-116-35BBC,43.6527094,-110.7435433,NA,,--,--,Grand Teton National Park,GRYN,Greater Yellowstone Network
738,GRTE,13013650,s_13013650,"SNAKE RIVER AT MOOSE, WY",43.65405556,-110.7154722,1677,sq mi,6/6/1995,6/13/2022,Grand Teton National Park,GRYN,Greater Yellowstone Network
737,GRTE,13013600,s_13013600,"DITCH CREEK NEAR MOOSE, WY",43.66437758,-110.6963197,62,sq mi,--,--,Grand Teton National Park,GRYN,Greater Yellowstone Network
736,GRTE,13013500,s_13013500,"SPRING CREEK NEAR TETON, WY",43.68326659,-110.7007649,NA,,7/22/1917,7/22/1917,Grand Teton National Park,GRYN,Greater Yellowstone Network
735,GRTE,13013100,s_13013100,BLACKTAIL PONDS AT OUTLET NR MOOSE GTNP WY,43.66798866,-110.6990977,NA,,--,--,Grand Teton National Park,GRYN,Greater Yellowstone Network
734,GRTE,13013000,s_13013000,"COTTONWOOD CREEK NEAR MOOSE, WY",43.67937728,-110.7138208,72,sq mi,6/19/1918,6/19/1918,Grand Teton National Park,GRYN,Greater Yellowstone Network
733,GRTE,13012900,s_13012900,TAGGART CREEK NR MOOSE GTNP WYO,43.69354359,-110.732433,7,sq mi,--,--,Grand Teton National Park,GRYN,Greater Yellowstone Network
732,GRTE,13012850,s_13012850,"COTTONWOOD C AB GLACIER GULCH NR MOOSE, GTNP",43.7304884,-110.7346563,NA,,--,--,Grand Teton National Park,GRYN,Greater Yellowstone Network
731,GRTE,13012800,s_13012800,"COTTNWD C AT OUTLET OF JENNY LK, NR MOOSE, GTNP WY",43.7507667,-110.7254899,49,sq mi,--,--,Grand Teton National Park,GRYN,Greater Yellowstone Network
730,GRTE,13012790,s_13012790,CASCADE CREEK NR JENNY LAKE LODGE GTNP WYO,43.764933,-110.7449349,NA,,--,--,Grand Teton National Park,GRYN,Greater Yellowstone Network
729,GRTE,13012780,s_13012780,LEIGH LAKE OUTLET NR JENNY LAKE LODGE WYO,43.79826729,-110.7285456,NA,,--,--,Grand Teton National Park,GRYN,Greater Yellowstone Network
728,GRTE,13012760,s_13012760,SNAKE R NR UPPER SCHWABACKER LANDING,43.7357627,-110.8293812,NA,,--,--,Grand Teton National Park,GRYN,Greater Yellowstone Network
727,GRTE,13012750,s_13012750,SPRING CREEK NR ELK WY,43.75827056,-110.6007639,NA,,,,Grand Teton National Park,GRYN,Greater Yellowstone Network
726,GRTE,13012720,s_13012720,UNNAMED SPRING NR MOOSE HEAD RANCH,43.7854952,-110.5410399,NA,,--,--,Grand Teton National Park,GRYN,Greater Yellowstone Network
725,GRTE,13012700,s_13012700,SPRING CREEK AT WOLFFS RANCH NR ELK WY,43.7832726,-110.5507624,NA,,,,Grand Teton National Park,GRYN,Greater Yellowstone Network
724,GRTE,13012500,s_13012500,"SPREAD CREEK NEAR MORAN, WY",43.7904954,-110.5379843,120,sq mi,6/15/1918,6/15/1918,Grand Teton National Park,GRYN,Greater Yellowstone Network
741,GRTE,13012400,s_13012400,SNAKE RIVER AB SPREAD CREEK NR MORAN WYO,43.8121623,-110.5463179,NA,,--,--,Grand Teton National Park,GRYN,Greater Yellowstone Network
722,GRTE,13012000,s_13012000,"BUFFALO FORK NEAR MORAN, WY",43.8366086,-110.508539,378,sq mi,6/13/1918,6/18/1960,Grand Teton National Park,GRYN,Greater Yellowstone Network
721,GRTE,13011500,s_13011500,"PACIFIC CREEK AT MORAN, WY",43.85105315,-110.5171505,169,sq mi,6/15/1918,5/28/2022,Grand Teton National Park,GRYN,Greater Yellowstone Network
720,GRTE,13011490,s_13011490,EMMA MATILDA CREEK NR MORAN WY,43.86660968,-110.5007612,NA,,,,Grand Teton National Park,GRYN,Greater Yellowstone Network
719,GRTE,13011470,s_13011470,TWO OCEAN CREEK AT MOUTH NR TWO OCEAN CREEK WY,43.86660968,-110.5007612,NA,,,,Grand Teton National Park,GRYN,Greater Yellowstone Network
718,GRTE,13011460,s_13011460,TWO OCEAN CREEK NR MORAN WY,43.88327678,-110.5007612,NA,,,,Grand Teton National Park,GRYN,Greater Yellowstone Network
717,GRTE,13011450,s_13011450,TWO OCEAN CREEK AT OUTLET OF TWO OCEAN LAKE WY,43.89994388,-110.5007612,NA,,,,Grand Teton National Park,GRYN,Greater Yellowstone Network
742,GRTE,13011100,s_13011100,SPRING CR NR JACKSON LAKE DAM,43.85882877,-110.584097,NA,,--,--,Grand Teton National Park,GRYN,Greater Yellowstone Network
715,GRTE,13011000,s_13011000,"SNAKE RIVER NEAR MORAN, WY",43.85855089,-110.586597,807,sq mi,5/26/1904,5/30/2022,Grand Teton National Park,GRYN,Greater Yellowstone Network
714,GRTE,13010460,s_13010460,PILGRIM CR 300 FT BL HWY 287 BRIDGE NR MORAN WY,43.89577375,-110.5907639,54,sq mi,,,Grand Teton National Park,GRYN,Greater Yellowstone Network
713,GRTE,13010450,s_13010450,"PILGRIM CREEK NEAR MORAN, WY",43.9038296,-110.5874305,48,sq mi,6/6/1997,6/6/1997,Grand Teton National Park,GRYN,Greater Yellowstone Network
712,GRTE,13010440,s_13010440,"PILGRIM CR 4 MILES AB MOUTH, NR MORAN, GTNP, WY",43.91883077,-110.5654854,NA,,,,Grand Teton National Park,GRYN,Greater Yellowstone Network
710,GRTE,13010420,s_13010420,EAST FORK PILGRIM CREEK NR MORAN WY,43.9296648,-110.552985,19,sq mi,,,Grand Teton National Park,GRYN,Greater Yellowstone Network
704,GRTE,13010400,s_13010400,PILGRIM CREEK 5 MILES ABV MOUTH NR MORAN WY,43.9285533,-110.5624298,28,sq mi,,,Grand Teton National Park,GRYN,Greater Yellowstone Network
703,GRTE,13010380,s_13010380,"ARIZONA C NR COLTER BAY VILLAGE, GTNP, WYO",43.97243978,-110.6454879,NA,,--,--,Grand Teton National Park,GRYN,Greater Yellowstone Network
699,GRTE,13010360,s_13010360,"LIZARD C NR LIZARD PT CPGD, GTNP, WYO",44.0071609,-110.6810445,NA,,--,--,Grand Teton National Park,GRYN,Greater Yellowstone Network
698,GRTE,13010350,s_13010350,MOOSE CREEK NR MORAN WY,43.9832703,-110.7174345,NA,,,,Grand Teton National Park,GRYN,Greater Yellowstone Network
700,GRTE,13010300,s_13010300,BERRY CREEK NR MORAN WY,43.9916041,-110.709101,NA,,,,Grand Teton National Park,GRYN,Greater Yellowstone Network
797,JODR,13010200,s_13010200,SNAKE R AB JACKSON LAKE NR FLAGG R,44.08910426,-110.6946553,NA,,--,--,"John D. Rockefeller, Jr., Memorial Parkway",GRYN,Greater Yellowstone Network
796,JODR,13010170,s_13010170,"POLECAT CREEK NEAR FLAGG RANCH, WY",44.10854896,-110.6840992,NA,,--,--,"John D. Rockefeller, Jr., Memorial Parkway",GRYN,Greater Yellowstone Network
1682,YELL,13010100,s_13010100,"Phantom Spring at Phantom Campsite, YNP, WY",44.2302132,-110.7390997,NA,,--,--,Yellowstone National Park,GRYN,Greater Yellowstone Network
794,JODR,13010070,s_13010070,SNAKE RIVER AT FLAGG RANCH BRIDGE,44.09910519,-110.6674322,NA,,--,--,"John D. Rockefeller, Jr., Memorial Parkway",GRYN,Greater Yellowstone Network
795,JODR,13010065,s_13010065,SNAKE RIVER AB JACKSON LAKE AT FLAGG RANCH WY,44.09888889,-110.6675,486,sq mi,5/31/1984,6/13/2022,"John D. Rockefeller, Jr., Memorial Parkway",GRYN,Greater Yellowstone Network
1721,YELL,13010050,s_13010050,"Supply spring at South Entrance, YNP, WY",44.1427157,-110.6738209,NA,,--,--,Yellowstone National Park,GRYN,Greater Yellowstone Network
1720,YELL,13010040,s_13010040,"SNAKE R TR AB SUPPLY SP AT S. ENTRANCE, YNP,",44.1429935,-110.6738209,NA,,--,--,Yellowstone National Park,GRYN,Greater Yellowstone Network
1735,YELL,13010000,s_13010000,SNAKE RIVER AT S BOUNDARY OF YELLOWSTONE NATL PARK,44.1336111,-110.6647222,485,sq mi,6/2/1914,6/20/1925,Yellowstone National Park,GRYN,Greater Yellowstone Network
1718,YELL,13009550,s_13009550,"LEWIS R AT MOUTH, AT SOUTH ENTRANCE, YNP, WY",44.1418827,-110.6638206,NA,,--,--,Yellowstone National Park,GRYN,Greater Yellowstone Network
1717,YELL,13009500,s_13009500,LEWIS RIVER NR MOUTH NR SOUTH BOUNDARY YNP WY,44.1499381,-110.6674317,NA,,--,--,Yellowstone National Park,GRYN,Greater Yellowstone Network
1703,YELL,13009250,s_13009250,"Unnamed sp at Pit Plateau Tr Hd in Lewis Can, YNP",44.2429934,-110.6479859,NA,,--,--,Yellowstone National Park,GRYN,Greater Yellowstone Network
1715,YELL,13009200,s_13009200,"UNNAMED TRIB TO LEWIS R BEL LEWIS FALLS YNP, WY",44.2554935,-110.6418746,NA,,--,--,Yellowstone National Park,GRYN,Greater Yellowstone Network
1701,YELL,13009100,s_13009100,ASTER CREEK BL LEWIS LAKE IN YELLOWSTONE NTL PK WY,44.26660888,-110.4674249,NA,,,,Yellowstone National Park,GRYN,Greater Yellowstone Network
1713,YELL,13009000,s_13009000,"LEWIS RIVER NR OUTLET OF LEWIS LAKE, WY",44.26660888,-110.4674249,NA,,--,--,Yellowstone National Park,GRYN,Greater Yellowstone Network
1712,YELL,13008500,s_13008500,SHOSHONE LAKE OUTLET NR WEST THUMB YELLOWSTONE,44.34993776,-110.6507638,NA,,,,Yellowstone National Park,GRYN,Greater Yellowstone Network
1711,YELL,13007100,s_13007100,HERRON C NR OF YNP WY,44.44771419,-110.7068759,NA,,--,--,Yellowstone National Park,GRYN,Greater Yellowstone Network
1752,YELL,13007000,s_13007000,"SNAKE R AB LEWIS R. SOUTH ENTRANCE, YNP, WY",44.1429939,-110.6621539,NA,,--,--,Yellowstone National Park,GRYN,Greater Yellowstone Network
1755,YELL,13005500,s_13005500,"BEAVER CR AT MOUTH AT HEART LAKE, YNP, WY",44.2757754,-110.4735364,NA,,--,--,Yellowstone National Park,GRYN,Greater Yellowstone Network
1754,YELL,13005000,s_13005000,"WITCH CR AT MOUTH AT HEART LAKE, YNP, WY",44.28577506,-110.5007599,NA,,--,--,Yellowstone National Park,GRYN,Greater Yellowstone Network
176,BRCA,10184000,s_10184000,"TROPIC AND EF CANAL NEAR TROPIC, UTAH",37.66859389,-112.1426943,NA,,,,Bryce Canyon National Park,NCPN,Northern Colorado Plateau Network
1794,ZION,09405501,s_09405501,"NORTH FORK VIRGIN RIVER NR SPRINGDALE, UT",37.2097046,-112.9785512,344,sq mi,--,--,Zion National Park,NCPN,Northern Colorado Plateau Network
1792,ZION,09405500,s_09405500,"NORTH FORK VIRGIN RIVER NEAR SPRINGDALE, UT",37.2097046,-112.9785512,344,sq mi,8/2/1913,8/18/2022,Zion National Park,NCPN,Northern Colorado Plateau Network
1795,ZION,09405499,s_09405499,"SPRINGDALE CANAL NR. SPRINGDALE, UT",37.21164904,-112.9766067,NA,,--,--,Zion National Park,NCPN,Northern Colorado Plateau Network
1791,ZION,09405490,s_09405490,"NORTH FORK VIRGIN R. AB BIG BEND NR SPRINGDALE, UT",37.27859285,-112.9446625,NA,,--,--,Zion National Park,NCPN,Northern Colorado Plateau Network
1793,ZION,09404900,s_09404900,"EAST FORK VIRGIN RIVER NEAR SPRINGDALE, UT",37.16414955,-112.9585499,343,sq mi,9/19/1992,8/18/2022,Zion National Park,NCPN,Northern Colorado Plateau Network
211,CARE,09330120,s_09330120,"SULPHUR CREEK NEAR FRUITA, UTAH",38.29997984,-111.2673924,57,sq mi,8/25/1959,1974,Capitol Reef National Park,NCPN,Northern Colorado Plateau Network
393,DINO,09261000,s_09261000,"GREEN RIVER NEAR JENSEN, UT",40.40940757,-109.2354043,29660,sq mi,5/29/1904,5/31/2022,Dinosaur National Monument,NCPN,Northern Colorado Plateau Network
394,DINO,09260150,s_09260150,"YAMPA RIVER BL BOX ELDER PARK NR DINOSAUR, CO.",40.518853,-108.9612283,NA,,--,--,Dinosaur National Monument,NCPN,Northern Colorado Plateau Network
391,DINO,09260050,s_09260050,"YAMPA RIVER AT DEERLODGE PARK, CO",40.45163387,-108.525101,7931,sq mi,5/7/1982,5/20/2022,Dinosaur National Monument,NCPN,Northern Colorado Plateau Network
392,DINO,09260025,s_09260025,"YAMPA RIVER BELOW LITTLE SNAKE RIVER, CO.",40.43913414,-108.4728767,NA,,,,Dinosaur National Monument,NCPN,Northern Colorado Plateau Network
210,CANY,09187650,s_09187650,"SALT CR AT CANYONLANDS NATL PARK NR MONTICELLO, UT",38.1180712,-109.7528446,12,sq mi,--,--,Canyonlands National Park,NCPN,Northern Colorado Plateau Network
76,ARCH,09183000,s_09183000,"COURTHOUSE WASH NEAR MOAB, UTAH",38.61275926,-109.5798402,162,sq mi,9/19/1950,8/18/1989,Arches National Park,NCPN,Northern Colorado Plateau Network
77,ARCH,09182900,s_09182900,"COURTHOUSE WASH AT ARCHES HWY CROSS NR MOAB, UT",38.64859187,-109.5992853,143,sq mi,8/6/1959,10/16/1965,Arches National Park,NCPN,Northern Colorado Plateau Network
162,BLCA,09128000,s_09128000,"GUNNISON RIVER BELOW GUNNISON TUNNEL, CO",38.52915336,-107.648947,3971,sq mi,6/13/1906,5/19/2022,Black Canyon of the Gunnison National Park,NCPN,Northern Colorado Plateau Network
316,CURE,09127999,s_09127999,"GUNNISON TUNNEL NEAR MONTROSE, CO.",38.5269311,-107.6497804,3965,sq mi,,,Curecanti National Recreation Area,NCPN,Northern Colorado Plateau Network
312,CURE,09127998,s_09127998,"GUNNISON RIVER ABOVE GUNNISON TUNNEL, CO.",38.5260978,-107.6495026,3965,sq mi,,,Curecanti National Recreation Area,NCPN,Northern Colorado Plateau Network
315,CURE,09127000,s_09127000,"CIMARRON RIVER BLW CIMARRON CREEK AT CIMARRON, CO",38.44694444,-107.5552222,230,sq mi,6/2/1943,5/19/2022,Curecanti National Recreation Area,NCPN,Northern Colorado Plateau Network
310,CURE,09126500,s_09126500,"CIMARRON RIVER AT CIMARRON, CO.",38.44109929,-107.5542252,209,sq mi,6/13/1903,5/25/1967,Curecanti National Recreation Area,NCPN,Northern Colorado Plateau Network
313,CURE,09124700,s_09124700,"GUNNISON RIVER BELOW BLUE MESA DAM, CO.",38.45221354,-107.3481119,3453,sq mi,5/21/1963,1/3/1968,Curecanti National Recreation Area,NCPN,Northern Colorado Plateau Network
314,CURE,09123000,s_09123000,"SOAP CREEK AT SAPINERO, CO.",38.474992,-107.2989443,86,sq mi,5/16/1911,5/5/1952,Curecanti National Recreation Area,NCPN,Northern Colorado Plateau Network
311,CURE,09120500,s_09120500,"GUNNISON RIVER AT IOLA, CO.",38.4824915,-107.0889379,2352,sq mi,5/30/1900,5/29/1951,Curecanti National Recreation Area,NCPN,Northern Colorado Plateau Network
107,BICA,06287000,s_06287000,"Bighorn River near St. Xavier, MT",45.31690278,-107.9188889,19672,sq mi,6/16/1935,6/18/2022,Bighorn Canyon National Recreation Area,GRYN,Greater Yellowstone Network
105,BICA,06286500,s_06286500,"Big Horn Canal bl wasteway, nr St. Xavier MT",45.31662649,-107.9006649,NA,,,,Bighorn Canyon National Recreation Area,GRYN,Greater Yellowstone Network
106,BICA,06286490,s_06286490,Big Horn Canal near St. Xavier MT,45.3163485,-107.9184433,NA,,--,--,Bighorn Canyon National Recreation Area,GRYN,Greater Yellowstone Network
109,BICA,06286350,s_06286350,Dry Head Cr ab Hoodoo Cr nr Pryor MT,45.2193111,-108.1609583,76,sq mi,5/13/1966,6/18/1967,Bighorn Canyon National Recreation Area,GRYN,Greater Yellowstone Network
110,BICA,06286260,s_06286260,"CROOKED CREEK NEAR LOVELL, WY",44.9644444,-108.2755556,119,sq mi,,,Bighorn Canyon National Recreation Area,GRYN,Greater Yellowstone Network
108,BICA,06286258,s_06286258," BIG COULEE NEAR LOVELL, WYO.",44.9677322,-108.2906712,30,sq mi,7/22/1970,5/3/1978,Bighorn Canyon National Recreation Area,GRYN,Greater Yellowstone Network
104,BICA,06286250,s_06286250,"BIGHORN RIVER NEAR LOVELL, WY",44.93138889,-108.2233333,18900,sq mi,,,Bighorn Canyon National Recreation Area,GRYN,Greater Yellowstone Network
111,BICA,06286200,s_06286200,"SHOSHONE RIVER AT KANE, WY",44.8622222,-108.2088889,2989,sq mi,6/8/1958,6/9/1968,Bighorn Canyon National Recreation Area,GRYN,Greater Yellowstone Network
1681,YELL,06191000,s_06191000,"Gardner River near Mammoth, YNP",44.9923444,-110.690975,198,sq mi,5/17/1939,6/6/2021,Yellowstone National Park,GRYN,Greater Yellowstone Network
1653,YELL,06190540,s_06190540,"Boiling River at Mammoth,YNP",44.9851333,-110.6893444,NA,,5/26/1989,6/13/2022,Yellowstone National Park,GRYN,Greater Yellowstone Network
1643,YELL,06190530,s_06190530,Clematis Creek at Mammoth YNP,44.9746577,-110.7027102,3,sq mi,--,--,Yellowstone National Park,GRYN,Greater Yellowstone Network
1651,YELL,06190525,s_06190525,Gardner R sinkhole diversion at Mammoth YNP,44.9813245,-110.6865985,NA,,--,--,Yellowstone National Park,GRYN,Greater Yellowstone Network
1719,YELL,06190500,s_06190500,Gardner River at Mammoth YNP,44.9817222,-110.6858361,194,sq mi,6/12/1923,6/6/1938,Yellowstone National Park,GRYN,Greater Yellowstone Network
1640,YELL,06190415,s_06190415,Mammoth Hot Sp outflow at Mammoth YNP,44.9688245,-110.6846539,NA,,--,--,Yellowstone National Park,GRYN,Greater Yellowstone Network
1639,YELL,06190400,s_06190400,"MAMMOTH HOT SPRING NEAR MAMMOTH, YNP",44.9679722,-110.70125,NA,,--,--,Yellowstone National Park,GRYN,Greater Yellowstone Network
1674,YELL,06190370,s_06190370,Gardner R ab Mammoth Hot Sp outlfow nr Mammoth YNP,44.9679912,-110.6802093,NA,,--,--,Yellowstone National Park,GRYN,Greater Yellowstone Network
1637,YELL,06190020,s_06190020,"SAND SPRING TRIBUTARY NEAR MAMMOTH, YNP",44.95138889,-110.6126389,NA,,--,--,Yellowstone National Park,GRYN,Greater Yellowstone Network
1672,YELL,06190010,s_06190010,"SAND SPRING NEAR MAMMOTH, YNP",44.9511111,-110.6116667,NA,,--,--,Yellowstone National Park,GRYN,Greater Yellowstone Network
1635,YELL,06190000,s_06190000,Lupine Creek near Mammoth YNP,44.93913889,-110.6249444,5,sq mi,--,--,Yellowstone National Park,GRYN,Greater Yellowstone Network
1670,YELL,06189980,s_06189980,LAVA CR AB LUPINE CR NR MAMMOTH YNP,44.9393805,-110.6274295,NA,,--,--,Yellowstone National Park,GRYN,Greater Yellowstone Network
1710,YELL,06189910,s_06189910,GLEN C AT MAMMOTH DIV YNP,44.9443798,-110.7057657,NA,,--,--,Yellowstone National Park,GRYN,Greater Yellowstone Network
1709,YELL,06189902,s_06189902,"GLEN CREEK ABOVE RUSTIC FALLS, NR MAMMOTH, YNP",44.93305556,-110.7270833,NA,,--,--,Yellowstone National Park,GRYN,Greater Yellowstone Network
1708,YELL,06189900,s_06189900,"Glen C trib ab Rustic Falls, nr Mammoth, YNP",44.9323611,-110.7275833,NA,,--,--,Yellowstone National Park,GRYN,Greater Yellowstone Network
1707,YELL,06189890,s_06189890,"GLEN CREEK AT GRAND LOOP ROAD, NEAR MAMMOTH, YNP",44.9325,-110.7277778,NA,,--,--,Yellowstone National Park,GRYN,Greater Yellowstone Network
1745,YELL,06189850,s_06189850,"OBSIDIAN CREEK NEAR MAMMOTH, YNP",44.88243499,-110.734655,NA,,--,--,Yellowstone National Park,GRYN,Greater Yellowstone Network
1705,YELL,06189820,s_06189820,"INDIAN CREEK DIVERSION NEAR MAMMOTH, YNP",44.88805556,-110.7613889,NA,,--,--,Yellowstone National Park,GRYN,Greater Yellowstone Network
1704,YELL,06189750,s_06189750,"PANTHER C AB DIV DAM, NR MAMMOTH, YNP",44.89291667,-110.7666667,NA,,--,--,Yellowstone National Park,GRYN,Greater Yellowstone Network
1690,YELL,06189730,s_06189730,"GARDNER R AB DIV DAM, NR MAMMOTH, YNP",44.8936111,-110.7497222,NA,,--,--,Yellowstone National Park,GRYN,Greater Yellowstone Network
1731,YELL,06189030,s_06189030,"BLACKTAIL DEER C BL TR FROM BLACKTAIL P YNP, WY",44.96160305,-110.5913172,NA,,--,--,Yellowstone National Park,GRYN,Greater Yellowstone Network
1749,YELL,06189020,s_06189020,"UNNAMED TRIB FROM BLACKTAIL POND, YNP, WY",44.95888889,-110.5955556,NA,,--,--,Yellowstone National Park,GRYN,Greater Yellowstone Network
1716,YELL,06189010,s_06189010,"BLACKTAIL DEER C AB TRIB FROM BLACKTAIL POND, YNP",44.9554919,-110.5918727,NA,,--,--,Yellowstone National Park,GRYN,Greater Yellowstone Network
1728,YELL,06189000,s_06189000,Blacktail Deer Creek nr Mammoth YNP,44.94963889,-110.5865028,14,sq mi,6/6/1938,5/13/1993,Yellowstone National Park,GRYN,Greater Yellowstone Network
1714,YELL,06188500,s_06188500,"East Fork Blacktail Deer Creek near Mammoth, YNP",44.95055556,-110.5822222,10,sq mi,,,Yellowstone National Park,GRYN,Greater Yellowstone Network
1726,YELL,06188130,s_06188130,LOST CR NR TOWER JUNCTION RANGER STATION YNP,44.91632666,-110.4196442,NA,,--,--,Yellowstone National Park,GRYN,Greater Yellowstone Network
1725,YELL,06188110,s_06188110,"LOST CREEK NEAR TOWER JUNCTION, YNP",44.9118822,-110.4182553,NA,,--,--,Yellowstone National Park,GRYN,Greater Yellowstone Network
1751,YELL,06188000,s_06188000,Lamar River nr Tower Ranger Station YNP,44.92817778,-110.3942694,668,sq mi,6/12/1923,6/13/2022,Yellowstone National Park,GRYN,Greater Yellowstone Network
1634,YELL,06187980,s_06187980,"SLOUGH CREEK NEAR TOWER JUNCTION, YNP",44.94938275,-110.3049175,NA,,--,--,Yellowstone National Park,GRYN,Greater Yellowstone Network
1694,YELL,06187950,s_06187950,Soda Butte Cr nr Lamar Ranger Station YNP,44.86898889,-110.164775,101,sq mi,6/16/1989,5/13/2007,Yellowstone National Park,GRYN,Greater Yellowstone Network
1706,YELL,06187940,s_06187940,"SODA BUTTE SPRING AT SODA BUTTE, YNP",44.87805556,-110.1522222,NA,,--,--,Yellowstone National Park,GRYN,Greater Yellowstone Network
1692,YELL,06187920,s_06187920,"PEBBLE CREEK NEAR TOWER JUNCTION, YNP",44.9186111,-110.1130556,NA,,--,--,Yellowstone National Park,GRYN,Greater Yellowstone Network
1691,YELL,06187915,s_06187915,Soda Butte Cr at Park Bndry at Silver Gate,45.00283056,-110.0018722,31,sq mi,6/19/1999,6/12/2022,Yellowstone National Park,GRYN,Greater Yellowstone Network
1650,YELL,06187880,s_06187880,"CACHE CREEK AT MOUTH, YNP",44.831607,-110.1476905,NA,,--,--,Yellowstone National Park,GRYN,Greater Yellowstone Network
1649,YELL,06187860,s_06187860,"CALFEE CREEK AT MOUTH, YNP",44.7824411,-110.1126896,NA,,--,--,Yellowstone National Park,GRYN,Greater Yellowstone Network
1689,YELL,06187850,s_06187850,"MILLER CREEK AT MOUTH, YNP",44.76744137,-110.103245,NA,,--,--,Yellowstone National Park,GRYN,Greater Yellowstone Network
1687,YELL,06187840,s_06187840,"TIMOTHY CREEK AT MOUTH, YNP",44.737164,-110.0904669,NA,,--,--,Yellowstone National Park,GRYN,Greater Yellowstone Network
1686,YELL,06187825,s_06187825,"WILLOW CREEK AT MOUTH, YNP",44.70883106,-110.0826889,NA,,--,--,Yellowstone National Park,GRYN,Greater Yellowstone Network
1645,YELL,06187820,s_06187820,"LAMAR RIVER ABOVE WILLOW CREEK, YNP",44.70883107,-110.0813,NA,,--,--,Yellowstone National Park,GRYN,Greater Yellowstone Network
1656,YELL,06187550,s_06187550,Yellowstone River at Tower Junction YNP,44.92041667,-110.4044389,1346,sq mi,7/7/1984,6/19/1986,Yellowstone National Park,GRYN,Greater Yellowstone Network
1684,YELL,06187500,s_06187500,Tower Creek at Tower Falls YNP,44.8922694,-110.3875556,46,sq mi,6/12/1923,6/24/1943,Yellowstone National Park,GRYN,Greater Yellowstone Network
1685,YELL,06187460,s_06187460,"SUPPLY SPRING NEAR TOWER FALL, YNP",44.86188266,-110.3929768,NA,,--,--,Yellowstone National Park,GRYN,Greater Yellowstone Network
1683,YELL,06187100,s_06187100,SULPHUR CR TR AB DIV DAM NR CANYON VILLAGE,44.76577126,-110.465202,NA,,--,--,Yellowstone National Park,GRYN,Greater Yellowstone Network
1693,YELL,06187050,s_06187050,"CASCADE C. AB. DIV. NR. CANYON VILLAGE, YNP,",44.7402155,-110.5004813,NA,,--,--,Yellowstone National Park,GRYN,Greater Yellowstone Network
1747,YELL,06187035,s_06187035,CASCADE CR TR AB DIV DAM NR CANYON VILLAGE,44.76021565,-110.4724246,NA,,--,--,Yellowstone National Park,GRYN,Greater Yellowstone Network
1746,YELL,06187000,s_06187000,Yellowstone River near Canyon Hotel YNP,44.710025,-110.5019167,1146,sq mi,1913-06,7/10/1951,Yellowstone National Park,GRYN,Greater Yellowstone Network
1647,YELL,06186500,s_06186500,Yellowstone River at Yellowstone Lk Outlet YNP,44.56709167,-110.3804056,995,sq mi,7/6/1923,7/2/2022,Yellowstone National Park,GRYN,Greater Yellowstone Network
1744,YELL,06186493,s_06186493,"PELICAN C. BL ASTRINGENT C, YNP, WY",44.56772056,-110.2551945,NA,,,,Yellowstone National Park,GRYN,Greater Yellowstone Network
1743,YELL,06185993,s_06185993,"PELICAN C BL ASTRINGENT C. YNP, WYO.",44.57605377,-110.2551944,NA,,--,--,Yellowstone National Park,GRYN,Greater Yellowstone Network
1732,YELL,06185991,s_06185991,"ASTRINGENT C AT MOUTH, YNP, WYO.",44.5924425,-110.2474164,NA,,--,--,Yellowstone National Park,GRYN,Greater Yellowstone Network
1741,YELL,06185985,s_06185985,"BRIDGE CR NR FISHING BRIDGE YNP, WY",44.5299415,-110.4346472,NA,,--,--,Yellowstone National Park,GRYN,Greater Yellowstone Network
1742,YELL,06185980,s_06185980,YELLOWSTONE LK NR LAKE BUTTE YNP WYO,44.51633216,-110.2768622,NA,,--,--,Yellowstone National Park,GRYN,Greater Yellowstone Network
1739,YELL,06185975,s_06185975,YELLOWSTONE LK NR SAND POINT YNP WYO,44.4979977,-110.4177022,NA,,--,--,Yellowstone National Park,GRYN,Greater Yellowstone Network
1740,YELL,06185970,s_06185970,"CUB C AT EAST ENTRANCE RD, YNP, WY",44.50411059,-110.1951925,NA,,--,--,Yellowstone National Park,GRYN,Greater Yellowstone Network
1737,YELL,06185955,s_06185955,"ARNICA C NR W THUMB, YNP, WY",44.47771816,-110.5424288,NA,,--,--,Yellowstone National Park,GRYN,Greater Yellowstone Network
1736,YELL,06185830,s_06185830,BEAVER DAM CR NR MOUTH,44.3232784,-110.1846359,NA,,--,--,Yellowstone National Park,GRYN,Greater Yellowstone Network
1722,YELL,06185810,s_06185810,CABIN C AT MOUTH NR TRAIL LK YNP WYO,44.2963343,-110.1524126,NA,,--,--,Yellowstone National Park,GRYN,Greater Yellowstone Network
1753,YELL,06185800,s_06185800,YELLOWSTONE R AB CABIN C,44.288001,-110.1488013,NA,,--,--,Yellowstone National Park,GRYN,Greater Yellowstone Network
1733,YELL,06042935,s_06042935,"Unnamed trib to Fan Creek, nr WY-MT stateline, YNP",44.95742997,-111.0227209,NA,,--,--,Yellowstone National Park,GRYN,Greater Yellowstone Network
1662,YELL,06042930,s_06042930,"Fan Creek ab unnamed trib, nr WY-MT stateline, YNP",44.95825,-111.0250556,NA,,--,--,Yellowstone National Park,GRYN,Greater Yellowstone Network
1661,YELL,06042920,s_06042920,"Gallatin River near WY-MT stateline, YNP",44.9273333,-111.0459167,NA,,--,--,Yellowstone National Park,GRYN,Greater Yellowstone Network
1730,YELL,06042910,s_06042910,"Gallatin River tributary near MT-WY stateline, YNP",44.91520757,-111.0246648,NA,,--,--,Yellowstone National Park,GRYN,Greater Yellowstone Network
1659,YELL,06037500,s_06037500,"Madison River near West Yellowstone, MT",44.6570722,-111.0679639,435,sq mi,5/21/1914,6/13/2022,Yellowstone National Park,GRYN,Greater Yellowstone Network
1658,YELL,06037100,s_06037100,"Gibbon River at Madison Jct, YNP",44.6408,-110.8610639,125,sq mi,5/25/2003,6/13/2022,Yellowstone National Park,GRYN,Greater Yellowstone Network
1657,YELL,06037000,s_06037000,Gibbon River near West Yellowstone MT,44.64910556,-110.7847361,112,sq mi,5/15/1984,5/18/1996,Yellowstone National Park,GRYN,Greater Yellowstone Network
1696,YELL,06036950,s_06036950,"GIBBON R BL CANYON CR, NR WEST YELLOWSTONE, MT",44.6476111,-110.77375,113,sq mi,--,--,Yellowstone National Park,GRYN,Greater Yellowstone Network
1655,YELL,06036940,s_06036940,"Tantalus Creek at Norris Junction, YNP",44.732725,-110.7132528,1,sq mi,7/3/2004,6/11/2022,Yellowstone National Park,GRYN,Greater Yellowstone Network
1724,YELL,06036930,s_06036930,"Gibbon River at Norris Junction, YNP",44.72965757,-110.6896528,NA,,--,--,Yellowstone National Park,GRYN,Greater Yellowstone Network
1750,YELL,06036927,s_06036927,"CASTLE C TURNAROUND IN RD, NR NORRIS JCT, YNP",44.71377778,-110.6807778,NA,,--,--,Yellowstone National Park,GRYN,Greater Yellowstone Network
1638,YELL,06036925,s_06036925,"CASTLE CR BL DIV DAM, NR NORRIS JCT, YNP",44.7063246,-110.6738192,NA,,--,--,Yellowstone National Park,GRYN,Greater Yellowstone Network
1641,YELL,06036915,s_06036915,SUPPLY SPRING AT MADISON JCT. YNP,44.6349323,-110.86299,NA,,--,--,Yellowstone National Park,GRYN,Greater Yellowstone Network
1631,YELL,06036910,s_06036910,"Firehole R at Madison Jct, nr W Yellowstone, YNP",44.64021,-110.8657679,NA,,--,--,Yellowstone National Park,GRYN,Greater Yellowstone Network
1630,YELL,06036905,s_06036905,Firehole River near West Yellowstone MT,44.6201833,-110.8635028,261,sq mi,5/31/1984,5/23/2021,Yellowstone National Park,GRYN,Greater Yellowstone Network
1648,YELL,06036903,s_06036903,"FIREHOLE R BEL LOWER GEYSER BASIN, YNP",44.59604418,-110.831878,NA,,--,--,Yellowstone National Park,GRYN,Greater Yellowstone Network
1632,YELL,06036900,s_06036900,"Nez Perce Creek near Fountain Paint Pot, YNP, WY",44.5846566,-110.7788215,NA,,--,--,Yellowstone National Park,GRYN,Greater Yellowstone Network
1660,YELL,06036865,s_06036865,"Sentinel Creek near Fountain Paint Pot, YNP, WY",44.5670833,-110.8436111,NA,,--,--,Yellowstone National Park,GRYN,Greater Yellowstone Network
1646,YELL,06036860,s_06036860,"Fairy Creek near Fountain Paint Pot, YNP, WY",44.56271065,-110.8413225,NA,,--,--,Yellowstone National Park,GRYN,Greater Yellowstone Network
1644,YELL,06036850,s_06036850,"OLD HOTEL SPRING NR FOUNTAIN PAINT POT, YNP",44.5583333,-110.8030556,NA,,--,--,Yellowstone National Park,GRYN,Greater Yellowstone Network
1633,YELL,06036840,s_06036840,"TANGLED CR NR FOUNTAIN P.P. YNP, WY",44.54437818,-110.8090997,NA,,--,--,Yellowstone National Park,GRYN,Greater Yellowstone Network
1642,YELL,06036822,s_06036822,"FIREHOLE R BEL UPPER GEYSER BASIN, YNP",44.48576588,-110.8529892,NA,,--,--,Yellowstone National Park,GRYN,Greater Yellowstone Network
1654,YELL,06036813,s_06036813,"Iron Spring Creek near Old Faithful, YNP, WY",44.4613213,-110.8529893,NA,,--,--,Yellowstone National Park,GRYN,Greater Yellowstone Network
1628,YELL,06036805,s_06036805,"Firehole River at Old Faithful, YNP",44.4593333,-110.8222722,39,sq mi,5/21/2007,6/13/2022,Yellowstone National Park,GRYN,Greater Yellowstone Network
1629,YELL,06036800,s_06036800,"Firehole River above Kepler Cascades, YNP",44.4424337,-110.8049332,NA,,--,--,Yellowstone National Park,GRYN,Greater Yellowstone Network
1636,YELL,06036795,s_06036795,UNNAMED TR FR HOT SP NR WELL COF I NR OF YNP,44.43493365,-110.8071555,NA,,--,--,Yellowstone National Park,GRYN,Greater Yellowstone Network
1319,SACN,05340495,s_05340495,"ST. CROIX R. AT POWERPLANT AT ST. CROIX FALLS, WI",45.4121837,-92.6468736,6240,sq mi,,,Saint Croix National Scenic Riverway,GLKN,Great Lakes Network
1303,SACN,05340420,s_05340420,"ST. CROIX R. AT NEVERS DAM SITE, NR. WOLF CK., WI",45.5369038,-92.724378,NA,,--,--,Saint Croix National Scenic Riverway,GLKN,Great Lakes Network
1302,SACN,05340251,s_05340251,"ST. CROIX R. BACKWTR ABV TRADE R. NR WOLF CREEK,WI",45.56863889,-92.7873333,NA,,--,--,Saint Croix National Scenic Riverway,GLKN,Great Lakes Network
1301,SACN,05340250,s_05340250,"ST. CROIX RIVER ABV TRADE RIVER NR WOLF CREEK, WI",45.568,-92.7890833,NA,,--,--,Saint Croix National Scenic Riverway,GLKN,Great Lakes Network
1308,SACN,05340200,s_05340200,"ST. CROIX RIVER BELOW SUNRISE R. NEAR SUNRISE, MN",45.56718236,-92.8588249,NA,,--,--,Saint Croix National Scenic Riverway,GLKN,Great Lakes Network
1312,SACN,05339770,s_05339770,"ST. CROIX RIVER NEAR SUNRISE, MN",45.5705158,-92.875214,5507,sq mi,--,--,Saint Croix National Scenic Riverway,GLKN,Great Lakes Network
1317,SACN,05339760,s_05339760,"ST. CROIX RIVER BELOW GOOSE CREEK NEAR HARRIS, MN",45.61938889,-92.8869722,NA,,--,--,Saint Croix National Scenic Riverway,GLKN,Great Lakes Network
1298,SACN,05339500,s_05339500,"ST. CROIX RIVER NEAR RUSH CITY, MN",45.7041239,-92.8724325,5400,sq mi,4/24/1923,5/17/1961,Saint Croix National Scenic Riverway,GLKN,Great Lakes Network
1310,SACN,05339015,s_05339015,"ST. CROIX RIVER BELOW WOOD RIVER NR. GRANTSBURG,WI",45.7566216,-92.7938185,NA,,--,--,Saint Croix National Scenic Riverway,GLKN,Great Lakes Network
1321,SACN,05338650,s_05338650,"ST. CROIX RIVER AT HWY. 70 NEAR GRANTSBURG, WI",45.77328786,-92.7807621,NA,,--,--,Saint Croix National Scenic Riverway,GLKN,Great Lakes Network
1313,SACN,05337082,s_05337082,"ST. CROIX R. ABOVE SNAKE R. NEAR GRANTSBURG, WI",45.82689795,-92.7657601,NA,,--,--,Saint Croix National Scenic Riverway,GLKN,Great Lakes Network
1306,SACN,05336000,s_05336000,"ST. CROIX RIVER NEAR GRANTSBURG, WI",45.9235613,-92.639088,2820,sq mi,4/24/1923,3/16/2010,Saint Croix National Scenic Riverway,GLKN,Great Lakes Network
1316,SACN,05335551,s_05335551,"ST. CROIX RIVER BELOW CLAM RIVER NEAR DANBURY, WI",45.95133746,-92.5557527,NA,,--,--,Saint Croix National Scenic Riverway,GLKN,Great Lakes Network
1318,SACN,05335031,s_05335031,"YELLOW RIVER AT DANBURY, WI",46.0121669,-92.3576937,NA,,--,--,Saint Croix National Scenic Riverway,GLKN,Great Lakes Network
1293,SACN,05333500,s_05333500,"ST. CROIX RIVER NEAR DANBURY, WI",46.0761111,-92.2466667,1580,sq mi,4/24/1914,4/14/2022,Saint Croix National Scenic Riverway,GLKN,Great Lakes Network
1295,SACN,05333400,s_05333400,"NAMEKAGON RIVER NEAR WOODLAND CORNER, WI",46.0838317,-92.113244,1030,sq mi,--,--,Saint Croix National Scenic Riverway,GLKN,Great Lakes Network
1297,SACN,05332500,s_05332500,"NAMEKAGON RIVER NEAR TREGO, WI",45.9480012,-91.888235,488,sq mi,9/14/1928,7/14/2016,Saint Croix National Scenic Riverway,GLKN,Great Lakes Network
1314,SACN,05332000,s_05332000,"NAMEKAGON RIVER AT TREGO, WI",45.9055026,-91.8182323,460,sq mi,5/19/1915,3/18/1927,Saint Croix National Scenic Riverway,GLKN,Great Lakes Network
1311,SACN,05331880,s_05331880,"NAMEKAGON R AT RIVER RAT LANDING NEAR HAYWARD, WI",45.97828317,-91.5754533,NA,,--,--,Saint Croix National Scenic Riverway,GLKN,Great Lakes Network
1294,SACN,05331878,s_05331878,"NAMEKAGON R BELOW RAINBOW CREEK NEAR HAYWARD, WI",45.96883968,-91.531008,NA,,--,--,Saint Croix National Scenic Riverway,GLKN,Great Lakes Network
1299,SACN,05331873,s_05331873,"NAMEKAGON RIVER ABOVE SPRING LAKE CR NR HAYWARD,WI",45.98939528,-91.509342,466,sq mi,--,--,Saint Croix National Scenic Riverway,GLKN,Great Lakes Network
1304,SACN,05331865,s_05331865,"NAMEKAGON RIVER AT HAYWARD, WI",46.00606219,-91.4840648,206,sq mi,--,--,Saint Croix National Scenic Riverway,GLKN,Great Lakes Network
1309,SACN,05331855,s_05331855,"NAMEKAGON RIVER NEAR HAYWARD, WI",46.05161815,-91.4315667,NA,,--,--,Saint Croix National Scenic Riverway,GLKN,Great Lakes Network
1296,SACN,05331833,s_05331833,"NAMEKAGON RIVER AT LEONARDS, WI",46.1713687,-91.3293778,126,sq mi,4/26/1996,4/14/2022,Saint Croix National Scenic Riverway,GLKN,Great Lakes Network
1307,SACN,05331814,s_05331814,"SPRING CREEK AT TELEMARK RD AT CABLE, WI",46.1985648,-91.2418507,NA,,--,--,Saint Croix National Scenic Riverway,GLKN,Great Lakes Network
1300,SACN,05331813,s_05331813,"CAP CREEK NEAR CABLE, WI",46.1974537,-91.2346285,15,sq mi,--,--,Saint Croix National Scenic Riverway,GLKN,Great Lakes Network
1315,SACN,05331775,s_05331775,"ST. CROIX RIVER NEAR WOODLAND CORNER, WI",46.1166092,-92.1315786,433,sq mi,--,--,Saint Croix National Scenic Riverway,GLKN,Great Lakes Network
1305,SACN,05331756,s_05331756,"ST. CROIX RIVER NEAR DAIRYLAND, WI",46.19219206,-92.071328,NA,,--,--,Saint Croix National Scenic Riverway,GLKN,Great Lakes Network
1320,SACN,05331710,s_05331710,"ST CROIX RIVER NEAR GORDON, WI",46.25488056,-91.9637972,400,sq mi,--,--,Saint Croix National Scenic Riverway,GLKN,Great Lakes Network
930,MISS,05331580,s_05331580,"MISSISSIPPI RIVER BELOW L&D 2 AT HASTINGS, MN",44.7458333,-92.8477778,37100,sq mi,4/24/1996,4/15/2021,Mississippi National River and Recreation Area,GLKN,Great Lakes Network
917,MISS,05331578,s_05331578,"MISSISSIPPI RIVER AT L&D 2 AT HASTINGS, MN",44.76024518,-92.8674282,NA,,--,--,Mississippi National River and Recreation Area,GLKN,Great Lakes Network
916,MISS,05331570,s_05331570,"MISSISSIPPI RIVER AT NININGER, MN",44.772745,-92.9021523,37000,sq mi,--,--,Mississippi National River and Recreation Area,GLKN,Great Lakes Network
914,MISS,05331564,s_05331564,MISSISSIPPI R. (RIVER LK OUTLET) AT INVER GRV HGTS,44.79355556,-93.0271389,NA,,--,--,Mississippi National River and Recreation Area,GLKN,Great Lakes Network
928,MISS,05331562,s_05331562,MISSISSIPPI R BACKWATER (RIVER LK) AT INV GRV HGTS,44.8016944,-93.0203056,NA,,--,--,Mississippi National River and Recreation Area,GLKN,Great Lakes Network
927,MISS,05331560,s_05331560,MISSISSIPPI R AT GREY CLOUD ISL COTTAGE GROVE MN,44.8038555,-93.0121579,NA,,--,--,Mississippi National River and Recreation Area,GLKN,Great Lakes Network
933,MISS,05331556,s_05331556,MISSISSIPPI R BACKWATER AT 11 ST IN ST. PAUL PARK,44.83830556,-93.0065278,NA,,--,--,Mississippi National River and Recreation Area,GLKN,Great Lakes Network
912,MISS,05331555,s_05331555,"MISSISSIPPI R. AT 11TH AVE. IN ST. PAUL PARK, MN",44.8394444,-93.0105556,NA,,--,--,Mississippi National River and Recreation Area,GLKN,Great Lakes Network
924,MISS,05331550,s_05331550,MISSISSIPPI R AT INVER GR BRIDGE AT ST P PARK MN,44.8532997,-93.0088253,NA,,,,Mississippi National River and Recreation Area,GLKN,Great Lakes Network
932,MISS,05331545,s_05331545,"MISSISSIPPI RIVER AT FIFTH STREET AT NEWPORT, MN",44.8602441,-93.0068809,NA,,,,Mississippi National River and Recreation Area,GLKN,Great Lakes Network
922,MISS,05331540,s_05331540,"MISSISSIPPI RIVER AT HWY 494, IN NEWPORT, MN",44.88274396,-93.0157705,NA,,--,--,Mississippi National River and Recreation Area,GLKN,Great Lakes Network
921,MISS,05331400,s_05331400,"MISSISSIPPI RIVER AT SOUTH ST. PAUL, MN",44.89579939,-93.031049,NA,,--,--,Mississippi National River and Recreation Area,GLKN,Great Lakes Network
929,MISS,05331005,s_05331005,MISSISSIPPI R AT INDUSTRIAL MOLLASSES ST PAUL MN,44.93107695,-93.0479946,NA,,--,--,Mississippi National River and Recreation Area,GLKN,Great Lakes Network
894,MISS,05331001,s_05331001,"UM 839.1 ROBERT STREET BRIDGE AT ST. PAUL, MN",44.94441015,-93.08882959,36800,sq mi,--,--,Mississippi National River and Recreation Area,GLKN,Great Lakes Network
893,MISS,05331000,s_05331000,"MISSISSIPPI RIVER AT ST. PAUL, MN",44.9444444,-93.0881111,36800,sq mi,1893-05-06,4/6/2020,Mississippi National River and Recreation Area,GLKN,Great Lakes Network
905,MISS,05330990,s_05330990,"MISSISSIPPI RIVER AT I-35E BRIDGE IN ST. PAUL, MN",44.9033333,-93.1402778,NA,,--,--,Mississippi National River and Recreation Area,GLKN,Great Lakes Network
904,MISS,05330920,s_05330920,"MINNESOTA RIVER AT FORT SNELLING STATE PARK, MN",44.8702432,-93.1924432,16900,sq mi,6/17/2004,7/2/2018,Mississippi National River and Recreation Area,GLKN,Great Lakes Network
891,MISS,05289900,s_05289900,MISSISSIPPI RIVER ABV MINNESOTA R. AT FT. SNELLING,44.8961111,-93.1886111,NA,,--,--,Mississippi National River and Recreation Area,GLKN,Great Lakes Network
911,MISS,05289800,s_05289800,"MINNEHAHA CREEK AT HIAWATHA AVE. IN MINNEAPOLIS,MN",44.91552097,-93.2127224,176,sq mi,8/2/2006,8/26/2021,Mississippi National River and Recreation Area,GLKN,Great Lakes Network
913,MISS,05288950,s_05288950,"MISSISSIPPI RIVER AT FORD PLANT IN ST. PAUL, MN",44.91579879,-93.1999441,19700,sq mi,--,--,Mississippi National River and Recreation Area,GLKN,Great Lakes Network
923,MISS,05288930,s_05288930,"MISSISSIPPI R. AT FRANKLIN AVE. IN MINNEAPOLIS, MN",44.9635766,-93.2230012,NA,,--,--,Mississippi National River and Recreation Area,GLKN,Great Lakes Network
895,MISS,05288920,s_05288920,"MISSISSIPPI R AT LWR ST.ANTHONY IN MINNEAPOLIS, MN",44.97940998,-93.2474467,19700,sq mi,--,--,Mississippi National River and Recreation Area,GLKN,Great Lakes Network
909,MISS,05288918,s_05288918,ST. ANTHONY FALLS FLUME (MISS. R) AT MINNEAPOLIS,44.98277778,-93.2547222,NA,,--,--,Mississippi National River and Recreation Area,GLKN,Great Lakes Network
906,MISS,05288910,s_05288910,"MISSISSIPPI R BLW BASSETT CK AT MINNEAPOLIS, MN",44.9908333,-93.2702778,NA,,--,--,Mississippi National River and Recreation Area,GLKN,Great Lakes Network
907,MISS,05288730,s_05288730,"MISSISSIPPI R AT 28TH AVE NE IN MINNEAPOLIS, MN",45.01996535,-93.2755037,19600,sq mi,--,--,Mississippi National River and Recreation Area,GLKN,Great Lakes Network
919,MISS,05288715,s_05288715,"MISSISSIPPI R. AT 42ND AVE. N. IN MINNEAPOLIS, MN",45.03246528,-93.2830041,NA,,,,Mississippi National River and Recreation Area,GLKN,Great Lakes Network
890,MISS,05288670,s_05288670,"MISSISSIPPI RIVER ABV 37TH AVE. NE IN FRIDLEY, MN",45.04327778,-93.2793889,19510,sq mi,--,--,Mississippi National River and Recreation Area,GLKN,Great Lakes Network
892,MISS,05288650,s_05288650,"MISSISSIPPI RIVER BELOW I-694 AT FRIDLEY, MN",45.04940976,-93.2774486,19500,sq mi,--,--,Mississippi National River and Recreation Area,GLKN,Great Lakes Network
896,MISS,05288641,s_05288641,"MISSISSIPPI R BACKWATER AT DURNAM IS IN FRIDLEY,MN",45.07541667,-93.2769167,NA,,,,Mississippi National River and Recreation Area,GLKN,Great Lakes Network
902,MISS,05288640,s_05288640,"MISSISSIPPI RIVER AT DURNAM ISLAND IN FRIDLEY, MN",45.07563889,-93.2794444,NA,,,,Mississippi National River and Recreation Area,GLKN,Great Lakes Network
901,MISS,05288610,s_05288610,"RICE CREEK AT COUNTY ROAD 1 IN FRIDLEY, MN",45.09024306,-93.2766159,NA,,--,--,Mississippi National River and Recreation Area,GLKN,Great Lakes Network
898,MISS,05288550,s_05288550,"MISSISSIPPI RIVER AT FRIDLEY, MN",45.1032986,-93.2771716,NA,,,,Mississippi National River and Recreation Area,GLKN,Great Lakes Network
899,MISS,05288505,s_05288505,"Pleasure Creek nr 86th Ave. in Coon Rapids, MN",45.12702778,-93.2942222,3,sq mi,,,Mississippi National River and Recreation Area,GLKN,Great Lakes Network
900,MISS,05288500,s_05288500,"MISSISSIPPI RIVER AT HWY 610 IN BROOKLYN PARK, MN",45.12880126,-93.2992726,19100,sq mi,6/16/1931,4/6/2020,Mississippi National River and Recreation Area,GLKN,Great Lakes Network
889,MISS,05288430,s_05288430,"MISSISSIPPI RIVER ABV COON CK AT BROOKLYN PARK, MN",45.13402778,-93.302,NA,,,,Mississippi National River and Recreation Area,GLKN,Great Lakes Network
910,MISS,05288428,s_05288428,MISSISSIPPI R BACKWATER ABV COON CK AT BROOKLYN PK,45.13402778,-93.302,NA,,,,Mississippi National River and Recreation Area,GLKN,Great Lakes Network
897,MISS,05288400,s_05288400,MISSISSIPPI R. ABV. COON RAPIDS DAM IN COON RAPIDS,45.1461111,-93.3147222,NA,,--,--,Mississippi National River and Recreation Area,GLKN,Great Lakes Network
908,MISS,05288100,s_05288100,"MISSISSIPPI R. BELOW ELM CREEK AT CHAMPLIN, MN",45.1822222,-93.3836111,NA,,--,--,Mississippi National River and Recreation Area,GLKN,Great Lakes Network
931,MISS,05288000,s_05288000,"CHAMPLIN MILL POND AT CHAMPLIN, MN",45.1832983,-93.3877313,NA,,,,Mississippi National River and Recreation Area,GLKN,Great Lakes Network
918,MISS,05283500,s_05283500,"MISSISSIPPI RIVER AT US HWY 169 AT CHAMPLIN, MN",45.19163166,-93.394676,17280,sq mi,1897-04-05,5/18/2022,Mississippi National River and Recreation Area,GLKN,Great Lakes Network
920,MISS,05283400,s_05283400,"MISSISSIPPI RIVER AT DAYTON, MN",45.2172222,-93.4311111,NA,,--,--,Mississippi National River and Recreation Area,GLKN,Great Lakes Network
903,MISS,05283300,s_05283300,"MISSISSIPPI R. AT ARMSTRONG BLVD. IN RAMSEY, MN",45.2261111,-93.4680556,NA,,--,--,Mississippi National River and Recreation Area,GLKN,Great Lakes Network
915,MISS,05283210,s_05283210,"MISSISSIPPI R BACKWATER AT GOODIN ISL IN DAYTON,MN",45.2419444,-93.5077222,NA,,,,Mississippi National River and Recreation Area,GLKN,Great Lakes Network
926,MISS,05283200,s_05283200,"MISSISSIPPI RIVER AT GOODIN ISLAND IN DAYTON, MN",45.2435,-93.5060278,NA,,,,Mississippi National River and Recreation Area,GLKN,Great Lakes Network
1594,VOYA,05129290,s_05129290,"GOLD PORTAGE OUTLET FROM KABETOGAMA LK NR RAY,MN",48.5243635,-93.0748688,NA,,7/9/1983,5/31/2022,Voyageurs National Park,GLKN,Great Lakes Network
1593,VOYA,05129160,s_05129160,"MOOSE RIVER BELOW NAT. FOR. RD 493 NEAR RAY, MN",48.40730556,-92.7586389,NA,,--,--,Voyageurs National Park,GLKN,Great Lakes Network
1488,SLBE,04126810,s_04126810,"SHALDA CREEK AT LAKE MICHIGAN RD NR GLEN ARBOR, MI",44.946663,-85.885367,34,sq mi,--,--,Sleeping Bear Dunes National Lakeshore,GLKN,Great Lakes Network
1479,SLBE,04126802,s_04126802,"CRYSTAL RIVER AT COUNTY HWY 675 NR GLEN ARBOR, MI",44.9033291,-85.9623135,45,sq mi,5/31/2004,5/19/2006,Sleeping Bear Dunes National Lakeshore,GLKN,Great Lakes Network
1476,SLBE,04126801,s_04126801,"CRYSTAL RIVER BELOW DAM NEAR GLEN ARBOR, MI",44.89888486,-85.9564799,44,sq mi,--,--,Sleeping Bear Dunes National Lakeshore,GLKN,Great Lakes Network
1487,SLBE,04126767,s_04126767,"OTTER CREEK AT ARAL ROAD NEAR EMPIRE, MI",44.7616648,-86.073982,10,sq mi,--,--,Sleeping Bear Dunes National Lakeshore,GLKN,Great Lakes Network
1478,SLBE,04126765,s_04126765,"OTTER CREEK AT OTTER LAKE NEAR EMPIRE, MI",44.7422208,-86.0609258,1,sq mi,--,--,Sleeping Bear Dunes National Lakeshore,GLKN,Great Lakes Network
1483,SLBE,04126760,s_04126760,"PLATTE R 0.2 MI U/S MOUTH NEAR HONOR, MI",44.7286092,-86.1564839,171,sq mi,--,--,Sleeping Bear Dunes National Lakeshore,GLKN,Great Lakes Network
1491,SLBE,04126758,s_04126758,"PLATTE RIVER AT WEIR ON LOON LAKE NR HONOR, MI",44.7199983,-86.1367609,169,sq mi,--,--,Sleeping Bear Dunes National Lakeshore,GLKN,Great Lakes Network
1474,SLBE,04126755,s_04126755,"PLATTE RIVER AT STATE HIGHWAY M-22 NEAR HONOR, MI",44.71083187,-86.1189824,166,sq mi,--,--,Sleeping Bear Dunes National Lakeshore,GLKN,Great Lakes Network
777,INDU,04095158,s_04095158,"KINTZELE DITCH AT BEVERLY SHORES, IN",41.7013361,-86.9401861,13,sq mi,6/26/2013,6/26/2013,Indiana Dunes National Park,GLKN,Great Lakes Network
776,INDU,04095154,s_04095154,"BROWN DITCH AT BEVERLY SHORES, IN",41.69627778,-86.9444222,5,sq mi,6/27/2013,6/27/2013,Indiana Dunes National Park,GLKN,Great Lakes Network
778,INDU,04095100,s_04095100,"DERBY DITCH AT BEVERLY SHORES, IN",41.68392677,-86.9986435,5,sq mi,1/23/2012,4/19/2013,Indiana Dunes National Park,GLKN,Great Lakes Network
781,INDU,04095096,s_04095096,"WIELAND DITCH AT CR 375E AT BEVERLY SHORES, IN",41.665,-86.9952778,2,sq mi,--,--,Indiana Dunes National Park,GLKN,Great Lakes Network
780,INDU,04095095,s_04095095,"WIELAND DITCH AT BEVERLY SHORES, IN",41.6647222,-86.9955556,2,sq mi,--,--,Indiana Dunes National Park,GLKN,Great Lakes Network
779,INDU,04095092,s_04095092,"PORTAGE-BURNS WATERWAY AT MOUTH AT PORTAGE, IN",41.63277778,-87.1775,331,sq mi,--,--,Indiana Dunes National Park,GLKN,Great Lakes Network
782,INDU,04095050,s_04095050,"DUNES CREEK NR DUNE ACRES, IN",41.65364887,-87.0630888,3,sq mi,6/13/1981,6/13/1981,Indiana Dunes National Park,GLKN,Great Lakes Network
1164,PIRO,04044786,s_04044786,"SABLE CREEK NR GRAND MARAIS, MI",46.66747727,-86.0171106,NA,,--,--,Pictured Rocks National Lakeshore,GLKN,Great Lakes Network
1159,PIRO,04044785,s_04044785,"HURRICANE RIVER NR GRAND MARAIS, MI",46.66330109,-86.1660006,NA,,--,--,Pictured Rocks National Lakeshore,GLKN,Great Lakes Network
1162,PIRO,04044782,s_04044782,"SULLIVAN CREEK NR GRAND MARAIS, MI",46.6552444,-86.18405599,NA,,--,--,Pictured Rocks National Lakeshore,GLKN,Great Lakes Network
1163,PIRO,04044775,s_04044775,"SEVENMILE CREEK NR GRAND MARAIS, MI",46.62079568,-86.2587778,NA,,--,--,Pictured Rocks National Lakeshore,GLKN,Great Lakes Network
1166,PIRO,04044770,s_04044770,"BEAVER CREEK NR MELSTRAND, MI",46.5774574,-86.3507209,0,,--,--,Pictured Rocks National Lakeshore,GLKN,Great Lakes Network
1165,PIRO,04044766,s_04044766,"SPRAY CREEK NR MELSTRAND, MI",46.55745426,-86.4107206,7,sq mi,--,--,Pictured Rocks National Lakeshore,GLKN,Great Lakes Network
1156,PIRO,04044765,s_04044765,"CHAPEL CREEK NR MELSTRAND, MI",46.5482861,-86.4390539,8,sq mi,--,--,Pictured Rocks National Lakeshore,GLKN,Great Lakes Network
1157,PIRO,04044762,s_04044762,"MOSQUITO RIVER NEAR MELSTRAND, MI",46.5185622,-86.4782204,14,sq mi,--,--,Pictured Rocks National Lakeshore,GLKN,Great Lakes Network
1161,PIRO,04044759,s_04044759,"MOSQUITO RIVER NR MELSTRAND, MI",46.4877301,-86.4682196,NA,,--,--,Pictured Rocks National Lakeshore,GLKN,Great Lakes Network
1158,PIRO,04044755,s_04044755,"MINERS RIVER NR MUNISING, MI",46.48772616,-86.5407188,13,sq mi,4/10/2017,4/25/2022,Pictured Rocks National Lakeshore,GLKN,Great Lakes Network
1160,PIRO,04044750,s_04044750,"MINERS RIVER NR VAN MEER, MI",46.41995149,-86.52321659,1,sq mi,--,--,Pictured Rocks National Lakeshore,GLKN,Great Lakes Network
45,APIS,04026218,s_04026218,OAK ISLAND STREAM 7,46.95798728,-90.725742,0,,--,--,Apostle Islands National Lakeshore,GLKN,Great Lakes Network
46,APIS,04026217,s_04026217,OAK ISLAND STREAM 6,46.9579872,-90.7276865,0,,--,--,Apostle Islands National Lakeshore,GLKN,Great Lakes Network
47,APIS,04026216,s_04026216,OAK ISLAND STREAM 5,46.95882045,-90.732131,0,,--,--,Apostle Islands National Lakeshore,GLKN,Great Lakes Network
614,GRPO,04010510,s_04010510,GRAND PORTAGE RIVER AT GRAND PORTAGE MN,47.9634982,-89.6834233,7,sq mi,6/29/1991,5/13/2022,Grand Portage National Monument,GLKN,Great Lakes Network
790,ISRO,04002000,s_04002000,"BIG SISKIWIT RIVER NEAR CAMP SISKIWIT, MI",47.89155827,-89.0173085,19,sq mi,--,--,Isle Royale National Park,GLKN,Great Lakes Network
786,ISRO,04001700,s_04001700,"LITTLE SISKIWIT RIVER NEAR WINDIGO, MI",47.9337778,-88.9575833,12,sq mi,--,--,Isle Royale National Park,GLKN,Great Lakes Network
789,ISRO,04001500,s_04001500,"SISKIWIT LAKE OUTLET NEAR SISKIWIT LAKE, MI",47.9851625,-88.80257879,29,sq mi,--,--,Isle Royale National Park,GLKN,Great Lakes Network
785,ISRO,04001000,s_04001000,"WASHINGTON CREEK AT WINDIGO, MI",47.9212792,-89.1459197,13,sq mi,4/30/1965,5/12/2003,Isle Royale National Park,GLKN,Great Lakes Network
784,ISRO,04000970,s_04000970,"WASHINGTON CREEK NORTHEAST OF WINDIGO, MI",47.92461235,-89.1373083,13,sq mi,--,--,Isle Royale National Park,GLKN,Great Lakes Network
788,ISRO,04000950,s_04000950,"WASHINGTON CK (ISLE ROYALE) NEAR WINDIGO, MI",47.92794549,-89.13119689,12,sq mi,--,--,Isle Royale National Park,GLKN,Great Lakes Network
787,ISRO,04000900,s_04000900,"GRACE CREEK (ISLE ROYALE) NEAR WINDIGO, MI",47.8951695,-89.16897689,5,sq mi,--,--,Isle Royale National Park,GLKN,Great Lakes Network
783,ISRO,04000800,s_04000800,"FELDTMANN LAKE OUTLET NEAR WINDIGO, MI",47.8446166,-89.1809241,5,sq mi,--,--,Isle Royale National Park,GLKN,Great Lakes Network
1025,OBRI,03539810,s_03539810,"OBED RIVER NEAR WARTBURG, TN",36.0759079,-84.6499411,520,sq mi,--,--,Obed Wild and Scenic River,APHN,Appalachian Highlands Network
1030,OBRI,03539800,s_03539800,"OBED RIVER NEAR LANCING, TN",36.0814937,-84.6703113,518,sq mi,3/23/1929,2/23/2022,Obed Wild and Scenic River,APHN,Appalachian Highlands Network
1032,OBRI,03539780,s_03539780,"CLEAR CREEK AT HOWARD MILL, TN",36.10201819,-84.71688819,170,sq mi,--,--,Obed Wild and Scenic River,APHN,Appalachian Highlands Network
1029,OBRI,03539778,s_03539778,"CLEAR CREEK AT LILLY BRIDGE NEAR LANCING, TN",36.1031293,-84.7182771,170,sq mi,1/7/1998,3/28/2021,Obed Wild and Scenic River,APHN,Appalachian Highlands Network
1026,OBRI,03539750,s_03539750,"CLEAR CREEK NEAR LANCING, TN",36.12168739,-84.7457227,153,sq mi,--,--,Obed Wild and Scenic River,APHN,Appalachian Highlands Network
1028,OBRI,03539735,s_03539735,"CLEAR CREEK AT BARNETT BRIDGE NEAR DEER LODGE, TN",36.12285027,-84.794947,146,sq mi,--,--,Obed Wild and Scenic River,APHN,Appalachian Highlands Network
1024,OBRI,03539731,s_03539731,"WHITE CREEK ABOVE MOUTH NEAR DEER LODGE, TN",36.12108909,-84.7971027,NA,,--,--,Obed Wild and Scenic River,APHN,Appalachian Highlands Network
1027,OBRI,03538880,s_03538880,"OBED RIVER ABOVE  DADDYS CREEK NR HEBBERTSBURG, TN",36.0803504,-84.7677232,156,sq mi,--,--,Obed Wild and Scenic River,APHN,Appalachian Highlands Network
1031,OBRI,03538855,s_03538855,Fox Creek above Obed River confluence,36.06562475,-84.9374532,9,sq mi,,,Obed Wild and Scenic River,APHN,Appalachian Highlands Network
628,GRSM,03518150,s_03518150,"ABRAMS CREEK ATCHILHOWEE, TN",35.55702785,-83.9962931,88,sq mi,--,--,Great Smoky Mountains National Park,APHN,Appalachian Highlands Network
637,GRSM,03518132,s_03518132,"ABRAMS CREEK NEAR HAPPY VALLEY, TN",35.60675116,-83.9346242,60,sq mi,--,--,Great Smoky Mountains National Park,APHN,Appalachian Highlands Network
636,GRSM,03518130,s_03518130,"ABRAMS CREEK NEAR CHILHOWEE, TN",35.60925114,-83.934902,60,sq mi,--,--,Great Smoky Mountains National Park,APHN,Appalachian Highlands Network
634,GRSM,03518112,s_03518112,"Abrams Creek Below Mill Creek near Cades Cove, TN",35.59163889,-83.8551111,36,sq mi,--,--,Great Smoky Mountains National Park,APHN,Appalachian Highlands Network
647,GRSM,03518110,s_03518110,"PARSONS SPRING BRANCH NR CADES COVE, TN",35.56314219,-83.8471208,8,sq mi,--,--,Great Smoky Mountains National Park,APHN,Appalachian Highlands Network
673,GRSM,03518100,s_03518100,"ABRAMS CREEK BELOW CADES COVE, TN",35.59314206,-83.8448985,19,sq mi,--,--,Great Smoky Mountains National Park,APHN,Appalachian Highlands Network
631,GRSM,03518090,s_03518090,"ABRAMS CREEK ABOVE CADES COVE, TN",35.6048101,-83.7765625,5,sq mi,--,--,Great Smoky Mountains National Park,APHN,Appalachian Highlands Network
657,GRSM,03514000,s_03514000,"HAZEL CREEK AT PROCTOR, NC",35.4773122,-83.7160047,44,sq mi,7/30/1943,12/21/1951,Great Smoky Mountains National Park,APHN,Appalachian Highlands Network
669,GRSM,03513500,s_03513500,"NOLAND CREEK NEAR BRYSON CITY, NC",35.48481705,-83.5040515,14,sq mi,4/6/1936,7/31/1971,Great Smoky Mountains National Park,APHN,Appalachian Highlands Network
668,GRSM,03513476,s_03513476,SW NOLAND CREEK NEAR CLINGMANS DOME,35.56509466,-83.4796063,NA,,--,--,Great Smoky Mountains National Park,APHN,Appalachian Highlands Network
667,GRSM,03513475,s_03513475,NE NOLAND CREEK NEAR CLINGMANS DOME,35.56509466,-83.4796063,NA,,--,--,Great Smoky Mountains National Park,APHN,Appalachian Highlands Network
666,GRSM,03512743,s_03512743,"DEEP CR AT SMOKY MNT NATL PARK NR BRYSON CITY, NC",35.45777778,-83.4380556,42,sq mi,--,--,Great Smoky Mountains National Park,APHN,Appalachian Highlands Network
665,GRSM,03510950,s_03510950,"OCONALUFTEE RIVER BL RAVEN FORK AT RAVENSFORD, NC",35.5107222,-83.3027778,127,sq mi,,,Great Smoky Mountains National Park,APHN,Appalachian Highlands Network
664,GRSM,03510875,s_03510875,"BUNCHES CR BL MADCAP BRANCH NEAR BIG WITCH GAP, NC",35.53468889,-83.19645,5,sq mi,--,--,Great Smoky Mountains National Park,APHN,Appalachian Highlands Network
661,GRSM,03510815,s_03510815,"MINGUS CREEK AT RAVENSFORD, NC",35.60398649,-83.30820859,5,sq mi,--,--,Great Smoky Mountains National Park,APHN,Appalachian Highlands Network
618,GRSM,03497300,s_03497300,"LITTLE RIVER ABOVE TOWNSEND, TN",35.66453328,-83.7112821,106,sq mi,4/7/1964,2/23/2022,Great Smoky Mountains National Park,APHN,Appalachian Highlands Network
630,GRSM,03497290,s_03497290,"MIDDLE PRONG LITTLE R AT MOUTH NR TOWNSEND, TENN",35.65953338,-83.7082265,46,sq mi,,,Great Smoky Mountains National Park,APHN,Appalachian Highlands Network
633,GRSM,03497288,s_03497288,"WPRONG LITTLE R ATCADES COVE RD NR TOWNSEND, TN",35.65592226,-83.710171,19,sq mi,--,--,Great Smoky Mountains National Park,APHN,Appalachian Highlands Network
632,GRSM,03497280,s_03497280,"WEST PRONG LITTLE RIVER NEAR TOWNSEND, TENN",35.6400889,-83.7157268,8,sq mi,,,Great Smoky Mountains National Park,APHN,Appalachian Highlands Network
627,GRSM,03497275,s_03497275,"MIDDLE PRONG LITTLE  R AB MOUTH NR TOWNSEND, TN",35.65731115,-83.7093376,27,sq mi,--,--,Great Smoky Mountains National Park,APHN,Appalachian Highlands Network
653,GRSM,03497270,s_03497270,"MIDDLE PR LITTLE R AT WALKER FIELDS NR TOWNSEND,TN",35.64147834,-83.6898925,26,sq mi,--,--,Great Smoky Mountains National Park,APHN,Appalachian Highlands Network
652,GRSM,03497265,s_03497265,"MIDDLE PRONG LITTLE R BLW TREMONT RD AT TREMONT,TN",35.62113056,-83.6782,NA,,--,--,Great Smoky Mountains National Park,APHN,Appalachian Highlands Network
651,GRSM,03497260,s_03497260,THUNDERHEAD PRONG AT MOUTH NR BLANKET MOUNT TENN,35.61647897,-83.6698917,9,sq mi,,,Great Smoky Mountains National Park,APHN,Appalachian Highlands Network
650,GRSM,03497250,s_03497250,"THUMDERHEAD PRONG NEAR BLANKET MOUNTAIN, TENN",35.6087012,-83.6718362,4,sq mi,,,Great Smoky Mountains National Park,APHN,Appalachian Highlands Network
622,GRSM,03497240,s_03497240,"LYNN CAMP PRONG NEAR BLANKET MOUNTAIN, TN",35.61675677,-83.6685028,12,sq mi,--,--,Great Smoky Mountains National Park,APHN,Appalachian Highlands Network
676,GRSM,03497230,s_03497230,"INDIAN FLATS PRONG NEAR BLANKET MOUNTAIN, TENN",35.59620214,-83.6332236,3,sq mi,,,Great Smoky Mountains National Park,APHN,Appalachian Highlands Network
675,GRSM,03497200,s_03497200,"LITTLE RIVER NEAR TOWNSEND, TN",35.66092229,-83.7068375,60,sq mi,,,Great Smoky Mountains National Park,APHN,Appalachian Highlands Network
683,GRSM,03497185,s_03497185,"LITTLE RIVER BL      LAUREL BR NR GATLINBURG, TN",35.6648132,-83.6037782,42,sq mi,--,--,Great Smoky Mountains National Park,APHN,Appalachian Highlands Network
686,GRSM,03497181,s_03497181,"LITTLE RIVER NWOF ELKMONT, TN",35.65898035,-83.5840552,37,sq mi,--,--,Great Smoky Mountains National Park,APHN,Appalachian Highlands Network
672,GRSM,03497180,s_03497180,"LITTLE RIVER AT ELKMONT, TN",35.6548138,-83.580444,31,sq mi,--,--,Great Smoky Mountains National Park,APHN,Appalachian Highlands Network
644,GRSM,03497172,s_03497172,"LITTLE RIVER SE OF ELKMONT,TN",35.64979167,-83.5632417,NA,,--,--,Great Smoky Mountains National Park,APHN,Appalachian Highlands Network
643,GRSM,03497160,s_03497160,"LITTLE RIVER ABOVE FIRST BRANCH NR ELKMONT, TENN",35.6331481,-83.5440537,28,sq mi,,,Great Smoky Mountains National Park,APHN,Appalachian Highlands Network
642,GRSM,03497140,s_03497140,"FISH CAMP PRONG NEAR ELKMONT, TENN",35.61953725,-83.5390534,12,sq mi,,,Great Smoky Mountains National Park,APHN,Appalachian Highlands Network
641,GRSM,03497133,s_03497133,"UNNAMED TRIB TO SPY BRANCH AT DOUBLE SPRING GAP,TN",35.56658889,-83.5428806,NA,,--,--,Great Smoky Mountains National Park,APHN,Appalachian Highlands Network
640,GRSM,03497130,s_03497130,SILERS CREEK NEAR SILERS BALD,35.59509245,-83.56766559,1,sq mi,--,--,Great Smoky Mountains National Park,APHN,Appalachian Highlands Network
639,GRSM,03497127,s_03497127,"LITTLE RIVER SE OF ELKMONT, TN",35.6189817,-83.5373867,14,sq mi,--,--,Great Smoky Mountains National Park,APHN,Appalachian Highlands Network
678,GRSM,03497125,s_03497125,"ROUGH CREEK SE OFELKMONT, TN",35.6159263,-83.5326643,2,sq mi,--,--,Great Smoky Mountains National Park,APHN,Appalachian Highlands Network
696,GRSM,03497120,s_03497120,LITTLE RIVER ABOVE ROUGH CREEK NEAR ELKMONT TENN,35.6153708,-83.530442,10,sq mi,,,Great Smoky Mountains National Park,APHN,Appalachian Highlands Network
671,GRSM,03469430,s_03469430,"WEST PRONG LITTLE PIGEON RIVER AB PIGEON FORGE, TN",35.7623138,-83.5237757,NA,,--,--,Great Smoky Mountains National Park,APHN,Appalachian Highlands Network
670,GRSM,03469420,s_03469420,"WEST PRONG LITTLE PIGEON RIVER ATBANNER, TN",35.74953617,-83.5221087,67,sq mi,--,--,Great Smoky Mountains National Park,APHN,Appalachian Highlands Network
682,GRSM,03469410,s_03469410,"WEST PRONG LITTLE PIGEON RIVER BL    GATLINBURG, T",35.7406474,-83.5209975,65,sq mi,--,--,Great Smoky Mountains National Park,APHN,Appalachian Highlands Network
681,GRSM,03469408,s_03469408,"W PRONG L PIGEON R BLW NORTON CR NR GATLINGBURG,TN",35.73933889,-83.523325,NA,,--,--,Great Smoky Mountains National Park,APHN,Appalachian Highlands Network
689,GRSM,03469400,s_03469400,"WEST PRONG LITTLE PIGEON RIVER AT GATLINBURG, TN",35.73370305,-83.5201642,60,sq mi,--,--,Great Smoky Mountains National Park,APHN,Appalachian Highlands Network
688,GRSM,03469394,s_03469394,"W PRONG LITTLE R AT BENT FIELD AT GATLINGURG, TN",35.72453657,-83.5159973,NA,,--,--,Great Smoky Mountains National Park,APHN,Appalachian Highlands Network
695,GRSM,03469290,s_03469290,"DUDLEY CREEK NEAR GATLINBURG, TN",35.73009324,-83.4504389,4,sq mi,--,--,Great Smoky Mountains National Park,APHN,Appalachian Highlands Network
694,GRSM,03469270,s_03469270,"ROARING FORK NEAR GATLINBURG, TENN",35.6953711,-83.4690507,4,sq mi,,,Great Smoky Mountains National Park,APHN,Appalachian Highlands Network
685,GRSM,03469260,s_03469260,"LE CONTE CREEK ABOVE GATLINBURG, TENN",35.68648174,-83.5007189,3,sq mi,,,Great Smoky Mountains National Park,APHN,Appalachian Highlands Network
684,GRSM,03469255,s_03469255,"LE CONTE CREEK NEAR GATLINBURG, TENN",35.67564877,-83.4873849,2,sq mi,,,Great Smoky Mountains National Park,APHN,Appalachian Highlands Network
692,GRSM,03469252,s_03469252,"WP L PIGEON R ATPARK BOUNDARY AT GATLINBURG, TN",35.7056477,-83.5248865,32,sq mi,--,--,Great Smoky Mountains National Park,APHN,Appalachian Highlands Network
620,GRSM,03469251,s_03469251,"WEST PRONG LITTLE PIGEON R NR GATLINBURG, TN",35.6995366,-83.5271088,32,sq mi,--,--,Great Smoky Mountains National Park,APHN,Appalachian Highlands Network
619,GRSM,03469250,s_03469250,"TWOMILE BRANCH NEAR GATLINBURG, TENN",35.69175884,-83.5318311,1,sq mi,,,Great Smoky Mountains National Park,APHN,Appalachian Highlands Network
616,GRSM,03469240,s_03469240,"FIGHTING CREEK NEAR GATLINBURG, TENN",35.68592539,-83.5407203,5,sq mi,,,Great Smoky Mountains National Park,APHN,Appalachian Highlands Network
656,GRSM,03469238,s_03469238,"W PR LITTLE PIGEON RIVER ABOVE GATLINBURG, TN",35.68759215,-83.5351646,24,sq mi,--,--,Great Smoky Mountains National Park,APHN,Appalachian Highlands Network
655,GRSM,03469235,s_03469235,"SUGARLAND BRANCH NEAR GATLINBURG, TENN",35.67703685,-83.5282199,1,sq mi,,,Great Smoky Mountains National Park,APHN,Appalachian Highlands Network
654,GRSM,03469230,s_03469230,"WEST PRONG LITTLE PIGEON R NEAR GATLINBURG, TENN",35.67675909,-83.52738649,20,sq mi,,,Great Smoky Mountains National Park,APHN,Appalachian Highlands Network
680,GRSM,03469226,s_03469226,"WPR LITTLE PIGEON R AT CHIMNEYS CAMP   GROUND, TN",35.63787127,-83.4959963,15,sq mi,--,--,Great Smoky Mountains National Park,APHN,Appalachian Highlands Network
679,GRSM,03469225,s_03469225,W P LT PIGEON R NR MT LE CONTE TN,35.63731578,-83.4926628,14,sq mi,--,--,Great Smoky Mountains National Park,APHN,Appalachian Highlands Network
687,GRSM,03469220,s_03469220,"ROAD PRONG NEAR MOUNT LE CONTE, TENN",35.6342607,-83.4698838,4,sq mi,,,Great Smoky Mountains National Park,APHN,Appalachian Highlands Network
690,GRSM,03469218,s_03469218,"WALKER CAMP PRONG BL TROUT B NR CHIMNEY TOPS, TN",35.6356497,-83.4621057,8,sq mi,--,--,Great Smoky Mountains National Park,APHN,Appalachian Highlands Network
649,GRSM,03469217,s_03469217,"WALKER CAMP PRONG    AB TROUT B NR CHIMNEY TOPS, T",35.63176089,-83.46155,6,sq mi,--,--,Great Smoky Mountains National Park,APHN,Appalachian Highlands Network
648,GRSM,03469216,s_03469216,"WALKER CAMP P BL     ALUM CAVE CR NR CHIMNEY TOPS,",35.6317609,-83.46043889,6,sq mi,--,--,Great Smoky Mountains National Park,APHN,Appalachian Highlands Network
660,GRSM,03469215,s_03469215,"ALUM CAVE CREEK NEAR MOUNT LE CONTE, TENN",35.62981669,-83.4501606,2,sq mi,,,Great Smoky Mountains National Park,APHN,Appalachian Highlands Network
646,GRSM,03469212,s_03469212,"WALKER CAMP PRONG    SSWOF MOUNT LE CONTE, TN",35.6295389,-83.450994,4,sq mi,--,--,Great Smoky Mountains National Park,APHN,Appalachian Highlands Network
645,GRSM,03469210,s_03469210,"WALKER CAMP PRONG NEAR NEWFOUND GAP, TENN",35.62426185,-83.4171033,2,sq mi,,,Great Smoky Mountains National Park,APHN,Appalachian Highlands Network
625,GRSM,03469110,s_03469110,"RAMSEY CREEK NEAR PITMAN CENTER, TN",35.7592614,-83.3468236,2,sq mi,8/1/1967,2/1/1985,Great Smoky Mountains National Park,APHN,Appalachian Highlands Network
624,GRSM,03469101,s_03469101,"LITTLE PIGEON R AB   WEBB CR NR PITTMAN CENTER, TN",35.7378715,-83.4157152,46,sq mi,--,--,Great Smoky Mountains National Park,APHN,Appalachian Highlands Network
623,GRSM,03469080,s_03469080,"L PIGEON R AT GREENBRIER CG NR PITMAN CNTR, TENN",35.7142613,-83.3829357,38,sq mi,,,Great Smoky Mountains National Park,APHN,Appalachian Highlands Network
617,GRSM,03469060,s_03469060,"M P L PIGEON R BL L LAUREL BR, NR MT GUYOT, TENN",35.7031508,-83.3573789,18,sq mi,,,Great Smoky Mountains National Park,APHN,Appalachian Highlands Network
626,GRSM,03469050,s_03469050,"M P L PIGEON R AB RAMSEY PRONG NR MT GUYOT, TENN",35.7025957,-83.3334888,11,sq mi,,,Great Smoky Mountains National Park,APHN,Appalachian Highlands Network
629,GRSM,03461200,s_03461200,"COSBY CREEK ABOVE COSBY, TN",35.7828746,-83.2173746,10,sq mi,9/30/1959,4/17/1987,Great Smoky Mountains National Park,APHN,Appalachian Highlands Network
677,GRSM,03461190,s_03461190,"CRYING CREEK TRIBUTARY NEAR COSBY, TENN",35.75593019,-83.222096,0,,,,Great Smoky Mountains National Park,APHN,Appalachian Highlands Network
635,GRSM,03461180,s_03461180,"COSBY CREEK NEAR BLUFFTON, TN",35.76315256,-83.2104293,8,sq mi,--,--,Great Smoky Mountains National Park,APHN,Appalachian Highlands Network
693,GRSM,03460000,s_03460000,"CATALOOCHEE CREEK NEAR CATALOOCHEE, NC",35.6672222,-83.0727778,49,sq mi,3/12/1935,2/4/2022,Great Smoky Mountains National Park,APHN,Appalachian Highlands Network
168,BLRI,03448000,s_03448000,"FRENCH BROAD RIVER AT BENT CREEK, NC",35.50205666,-82.5923464,676,sq mi,7/15/1916,11/2/1985,Blue Ridge Parkway,APHN,Appalachian Highlands Network
167,BLRI,03447900,s_03447900,"FRENCH BROAD R AB BENT CR AT BENT CREEK, NC",35.5006678,-82.5920686,NA,,--,--,Blue Ridge Parkway,APHN,Appalachian Highlands Network
171,BLRI,03447890,s_03447890,FRENCH BROAD R AT BLUE RIDGE PKWY AT BENT CREEK NC,35.4997222,-82.5927778,NA,,--,--,Blue Ridge Parkway,APHN,Appalachian Highlands Network
151,BISO,03410600,s_03410600,"SOUTH FORK CUMBERLAND RIVER NEAR YAMACRAW, KY",36.7256326,-84.5438283,1083,sq mi,--,--,Big South Fork National River and Recreation Area,APHN,Appalachian Highlands Network
147,BISO,03410597,s_03410597,ROCK CREEK BELOW GRASSY FORK AT YAMACRAW,36.71507705,-84.5466061,NA,,--,--,Big South Fork National River and Recreation Area,APHN,Appalachian Highlands Network
152,BISO,03410535,s_03410535,"ROARING PAUNCH CREEK NEAR SMITH TOWN, KY",36.6797995,-84.5404948,50,sq mi,--,--,Big South Fork National River and Recreation Area,APHN,Appalachian Highlands Network
140,BISO,03410500,s_03410500,"SOUTH FORK CUMBERLAND RIVER NEAR STEARNS, KY",36.62702209,-84.5332723,954,sq mi,1929-03,2/11/2018,Big South Fork National River and Recreation Area,APHN,Appalachian Highlands Network
148,BISO,03410350,s_03410350,"BIG SOUTH FORK AT BIG ISLAND, TN",36.5811111,-84.6444444,NA,,--,--,Big South Fork National River and Recreation Area,APHN,Appalachian Highlands Network
145,BISO,03410310,s_03410310,SOUTH FORK CUMBERLAND RV AT STATION CAMP CREEK,36.5470198,-84.6649397,NA,,--,--,Big South Fork National River and Recreation Area,APHN,Appalachian Highlands Network
153,BISO,03410280,s_03410280,"STATION CAMP CR NR LAUREL FORK NR ONEIDA, TN",36.5442418,-84.6760509,NA,,--,--,Big South Fork National River and Recreation Area,APHN,Appalachian Highlands Network
137,BISO,03410270,s_03410270,"LAUREL FORK NEAR STATION CAMP CREEK NEAR ONEIDA,TN",36.51280556,-84.7144444,NA,,--,--,Big South Fork National River and Recreation Area,APHN,Appalachian Highlands Network
134,BISO,03410250,s_03410250,SOUTH FORK CUMBERLAND RV AT ROUGH SHOALS BRANCH,36.50757615,-84.6329948,NA,,--,--,Big South Fork National River and Recreation Area,APHN,Appalachian Highlands Network
136,BISO,03410210,s_03410210,"SOUTH FK CUMBERLAND RIVER AT LEATHERWOOD FORD, TN",36.47738108,-84.6693676,806,sq mi,5/7/1984,2/11/2018,Big South Fork National River and Recreation Area,APHN,Appalachian Highlands Network
135,BISO,03410205,s_03410205,"BANDY CREEK NEAR LEATHERWOOD FORD, TN",36.4750751,-84.68994,NA,,--,--,Big South Fork National River and Recreation Area,APHN,Appalachian Highlands Network
138,BISO,03410200,s_03410200,"SOUTH FORK  CUMBERLAND RIVERNEAR SPECK, TN",36.4600756,-84.6660513,801,sq mi,--,--,Big South Fork National River and Recreation Area,APHN,Appalachian Highlands Network
144,BISO,03410180,s_03410180,"NORTH WHITEOAK CREEK NEAR SPECK, TN",36.45451999,-84.67160699,NA,,--,--,Big South Fork National River and Recreation Area,APHN,Appalachian Highlands Network
143,BISO,03410100,s_03410100,"NORTH WHITE OAK CREEK AT ZENITH, TN",36.4272966,-84.7371639,51,sq mi,--,--,Big South Fork National River and Recreation Area,APHN,Appalachian Highlands Network
142,BISO,03410050,s_03410050,S Fk Cumberland nr Helenwood Tn,36.45368704,-84.6510512,712,sq mi,--,--,Big South Fork National River and Recreation Area,APHN,Appalachian Highlands Network
146,BISO,03410045,s_03410045,"PINE CREEK ABOVE MOUTH NEAR ONEIDA, TN",36.4478541,-84.62994,NA,,--,--,Big South Fork National River and Recreation Area,APHN,Appalachian Highlands Network
139,BISO,03409500,s_03409500,"CLEAR FORK NEAR ROBBINS, TN",36.38828757,-84.6301881,272,sq mi,3/23/1929,2/23/2022,Big South Fork National River and Recreation Area,APHN,Appalachian Highlands Network
149,BISO,03409410,s_03409410,"WHITE OAK CREEK NEAR RUGBY, TN",36.37507554,-84.683831,103,sq mi,--,--,Big South Fork National River and Recreation Area,APHN,Appalachian Highlands Network
150,BISO,03408530,s_03408530,NEW RIVER AT SILCOX FORD,36.40452156,-84.59244,NA,,--,--,Big South Fork National River and Recreation Area,APHN,Appalachian Highlands Network
141,BISO,03408510,s_03408510,"UNNAMED TRIB NEAR NEW RIVER NEAR MOUNTAIN VIEW, TN",36.4061883,-84.586215,NA,,,,Big South Fork National River and Recreation Area,APHN,Appalachian Highlands Network
165,BLRI,02056000,s_02056000,"ROANOKE RIVER AT NIAGARA, VA",37.2551384,-79.87142539,509,sq mi,12/26/1926,5/27/2022,Blue Ridge Parkway,APHN,Appalachian Highlands Network
170,BLRI,02024752,s_02024752,"JAMES RIVER AT BLUE RIDGE PKWY NR BIG ISLAND, VA",37.55541524,-79.3672547,3076,sq mi,11/17/2006,2/5/2022,Blue Ridge Parkway,APHN,Appalachian Highlands Network
